順位,ネーム,info,登録者数,登録者変化数
1,泠鸢yousa,282994,虚拟艺人团体VirtuaReal Star成员，每周六20:30 b站直播。商洽联络人：zhangyue06@bilibili.com,"2,591,592"
2,神楽七奈Official,386900246,神楽七奈(カグラナナ)/ななかぐら官方、感谢粉丝和字幕组，粉丝群:302187053 商务:info@cherrynova.net,"1,581,451"
3,鹿乃ちゃん,316381099,你好，我是鹿乃！ weibo @kano_dayo  商户合作：kano@incs-toenter.jp,"1,368,256"
4,AIChannel官方,1473830,嗨多磨！这里是想要和更多人建立羁绊的KizunaAI～微博@Kizuna_AI绊爱～合作请联系kizunaai_bd@163.com,"1,186,557"
5,白上吹雪Official,332704117,hololive一期生，虚拟白发狐狸白上吹雪是也(^・ω・^§)ﾉ 画师：凪白みと 协力：白上吹雪字幕组 商务合作请私信,"1,161,087"
6,一块电鹿板,471723540,我是鹿，爱吃肉，是个中二少鹿。非商业合作：ykdlb222@gmail.com 商业：wworking@163.com,"927,960"
7,神楽Mea_Official,349991143,希望明天也会是幸福的1天,"851,108"
8,湊-阿库娅Official,375504219,"holoIive二期生、虚拟女仆、湊(みなと)あくあ！
❖担当画师：がおう
协力：湊阿库娅字幕组。
商务合作与问题反馈请私信。","839,004"
9,小狼XF,298484,微博：http://weibo.com/myglz,"742,458"
10,夏色祭Official,336731767,holoIive一期生，虚拟女子高中生！喜欢祭典之类的有趣的活动！❖担当画师：皆村春樹 协力：夏色祭字幕组。,"715,491"
11,新科娘Official,451066708,嗨～我是心萪！大家都叫我新科娘 直播间：21602686 商务合作请联系：xinke_business@sina.com,"714,947"
12,本气黑猫,38829,明日方舟、主机游戏UP主。每晚8点直播。明日方舟6群：812554733 公主连结1群 557694473,"679,225"
13,进击的冰糖,198297,"既是UP主也是Vup，目标是成为你的快乐源泉~！(•̀ㅂ•)
做的视频类型：MMD、配音、翻唱、游戏解说、新番漫评、VTuber","635,976"
14,新月冰冰,3295,今年到100w粉倒立洗头！虚拟人设是14岁的小DD，性格有点害羞，自闭…哈哈！Q群：163630157 微博@新月冰冰,"598,890"
15,赤井心Official,339567211,holoIive一期生，虚拟女子留学生，赤井心哒呦～(๑•̀ㅂ•́)و✧❖担当画师：はる雪协力：字幕组。商务合作与问题反馈请私信。,"592,799"
16,七濑胡桃menherachan,326968804,想要守护你的menhera酱七濑胡桃( =•ω•= )微博：七濑胡桃menherachan ,"554,358"
17,YUKIri,512480,"新浪微博：@YUKIri初号机  Q音：@YUKIri
唱唱歌聊聊天的时间段是周六晚8~9点
网易云专辑请搜索YKRII（专辑名称）","536,414"
18,猫宫日向Official,291296062,这里是虚拟youtuber猫宫日向๑˃́ꇴ˂̀๑  请大家多多指教哦！,"477,155"
19,虚拟次元计划,5563350,B站首位中文虚拟UP主，人工萌新！粉丝QQ群号：1080282806~合作方式：vd_project@163.com,"456,899"
20,Mr.Quin,15810,新浪微博：@Mr_Quin http://weibo.com/mrquin33,"448,726"
21,Overidea_China,18149131,这里是偶像集团Overidea！ ✧ 商业合作 kyouka@overidea.jp,"448,328"
22,hololive,286700005,VTuber（虚拟Youtuber）事务所「hololive production」官方账号官网：hololive.tv,"441,354"
23,犬山玉姬Official,12362451,这里是NoriPro所属的伪娘Vtuber犬山玉姬(犬山たまき)！❖担当画师：佃煮海苔男(佃煮のりお)。工作审核群：572299025,"429,469"
24,AIChannel中国绊爱,484322035,我的首张EP《化身星海》上线啦，请大家多多支持！制作运营@哎咿多工作室 粉丝群：962144350 ,"407,060"
25,百鬼绫目Official,389858027,Hololive所属二期生虚拟鬼神￤百鬼绫目（Nakiri Ayame）￤担当画师：ななかぐら￤协力：百鬼组￤商务合作与问题反馈请私信,"407,043"
26,花园Serena,380829248,主人饲养的猫猫，花園セレナ是也！音声https://www.geekjack.net/hanazono_serena/,"391,791"
27,菜菜子Nanako,595407557,治愈系小萌神 菜菜子Nanako会出现在充满苦恼需要帮助的人们身边哦～VirtuaReal成员,"387,964"
28,兔田佩克拉Official,443305053,hololivetv所属VTuber三期生 兔田佩克拉！协力：时空字幕组,"386,671"
29,星街彗星Official,9034870,HOLOLIVE所属，虚拟偶像星街彗星！协力：星街彗星的观星人。商务合作与问题反馈请私信,"367,230"
30,花丸晴琉Official,441381282,我是虚拟偶像组合“花寄女生宿舍”的成员、Vtuber花丸晴琉！和我做朋友吧！,"352,410"
31,润羽露西娅Official,443300418,hololive三期生 润羽露西娅 ʚїɞ我乃见习死灵法师 死者苏生之奇迹† Fantasy！！ 协力：时空字幕组,"347,984"
32,时乃空Official,286179206,"HOLOLIVE所属,虚拟偶像！ ❖担当画师：おるだん 协力：时空字幕组","340,183"
33,帕里_Paryi,1576121,我是paryipro的画师paryi~中国朋友们好~请大家关注我~paryi审核群：439902287,"328,655"
34,天音彼方Official,491474048,HOLOLIVE所属四期生，在天界学园上学的天使！担当画师：おしお 协力：天音彼方字幕组。问题反馈请私信。,"322,655"
35,大神澪Official,389862071,hololivegamers所属，喜欢游戏的虚拟狼 大神澪！❖担当画师：泉彩协力：MIO字幕组 商务合作与问题反馈请私信,"317,501"
36,戌神沁音Official,412135619,hololive-gamers所属，住在都市中某面包店里的虚拟狗狗，戌神沁音哒！❖担当画师：フカヒレ问题反馈请私信。,"307,259"
37,物述有栖Official,434565011,我还在学中文，但也想来bilibili和大家一起开愉快的茶会！请多关照啦！,"306,397"
38,癒月巧可Official,389858754,hololive二期生，来自魔界的虚拟保健医生癒月巧可。❖画师担当：桝石きのと様协力：时空字幕组,"296,856"
39,战斗吧歌姬官方账号,364225566,这里是时刻回应爱的实时互动企划《战斗吧歌姬！》，快来微信小程序：战斗吧歌姬 和歌姬们一起玩吧~,"293,469"
40,扶桑大红花丶,3985676,"哒哒哒✧٩(ˊωˋ*)و✧
微博同名( ""･ω･ﾞ)
网易云电台：扶桑大红花_(:3」∠❀)_
","292,979"
41,樱巫女Official,366690056,"hololive所属的虚拟巫女(❀ㆆ ㆆ)و✧一个喜欢鲷鱼烧的精英女孩子
❖担当画师：田中雄一
协力：三樱字幕组。商务合作与问题反馈请私信。","288,473"
42,輝夜月Official,265224956,摸鱼技术哪家强素质极好luna酱～！！！微博搜索：辉夜月official 官网：kaguyaluna.jp,"286,182"
43,紫咲诗音Official,389857640,holoIive二期生，魔法使紫咲诗音！❖担当画师：Tam-U 协力： 紫咲诗音字幕组。问题反馈请私信留言。本账号不接任何形式的商业推广。,"283,186"
44,角卷绵芽Official,491474050,HOLOLIVE所属四期生角卷绵芽！一边做着吟游诗人，一边悠然旅行的羊。担当画师：ふーみ 协力：角卷绵芽字幕组,"279,629"
45,白银诺艾尔Official,454733056,"沉着稳重的同时，又有着想用蛮力解决一切的一面！！
憧憬强大之人而进行武者修行的轻飘飘猛男女骑士！
❖担当画师：わたお
字幕协力：三樱字幕组","267,843"
46,白神遥Haruka,477332594,P-SP所属，爱睡觉和打游戏的一只海豹JK(:3っ)∋想成为大家的光，妈妈是@Bison仓鼠仓，白神遥的被窝聊天群：1137127370,"267,684"
47,本间向日葵Official,403928672,我是本间向日葵！请多关照～！やぁやぁ(・ワ・),"255,576"
48,宝钟玛琳Official,454955503,Hololive Fantasy所属，宝钟海贼团船长~出航〜❖担当画师：あかさあい 协力：宝钟玛琳字幕组,"252,515"
49,猫又小粥Official,412135222,hololive-gamers所属，饭团屋的婆婆所饲养的猫猫❖担当画师：神岡ちろる协力：猫又小粥字幕组。问题反馈请私信。,"248,756"
50,高槻律official,6055289,来自日本的清楚系虚拟YouTuber 长期招收校对 审核群963140085,"248,620"
51,桐生可可Official,491474049,Hololive所属4期生，对人类文化很感兴趣，目前在日留学，来自异世界！担当画师：yaman 协力：桐生可可字幕组。商务合作及反馈请私信。,"234,889"
52,还有醒着的么,2100679,这里是醒爷 未满16禁止关注！微博推特ID都是 还有醒着的么 p站ID=7660686,"230,655"
53,有栖Mana_Official,3149619, 来自韩国的小狐狸 （已毕业,"226,923"
54,田中姬铃木雏Official,296909317,姬雏：请大家多多关照！商务合作请联系官博：田中姬铃木雏Official,"225,127"
55,白雪深白Official,405981431,这里是NoriPro所属的虚拟女仆白雪深白~工作审核群:572299025 白雪粉丝2群:1032362112,"224,236"
56,琴吹夢_official,442426299,我是可爱的整活大师，不是不良少女！,"224,201"
57,叫我默默酱,308688486,我是默默酱，一个像苏打饼干一样干干脆脆的小姑娘。v❤：momojiang1009 合作邮箱momo@huox.tv,"215,740"
58,黑桃影,456368455,hololive CN所属，星空下的白色幻影，怪盗Spade Echo参上！ 担当画师：ななかぐら ,"207,232"
59,萝卜子Official,20813493,hololive所属，Virtual Robot 担当画师：kuromaru9 商务合作与问题反馈请私信hololive,"206,015"
60,虚拟女友Yomemi,292044559,Hello达令~ 这里是您的虚拟女友Yomemi~丨直播地址：https://bit.ly/2XdlPAq,"205,292"
61,琉绮Ruki,420249427,Virtuareal Project一期生。唱跳rapOW。群：1005397354⭐去摘遥不可及的星。商务合作联系bd@vrp.liv,"204,739"
62,杏仁Miru搬运,233114861,这里是会说中文以及日语的虚拟vtuber杏仁ミル！已获得搬运权限。,"203,650"
63,大空昴Official,389859190,"holo-live二期生，我是E-Sports部经理大空昴的说!
❖担当画师：しぐれうい
协力：大空昴字幕组","200,970"
64,木糖纯Official,54191665,在这个新的地球，努力唱歌，认真配音，总有一天会让你们认识我！加油！合作请私聊~,"200,210"
65,笹木咲Official,436596839,ゲームだいすき、高校２年生。笹木咲やよ〜。,"197,903"
66,夜空梅露Official,389856447,holoIive一期生，喜欢果汁而不是血的吸血鬼↝ 担当画师：Ayamyあやみ ,"189,125"
67,希薇娅Civia,354411419,想要成为你睁开眼时最钟情的那抹阳光 ❀Hololive China一期生 妈妈@fuka_hire,"184,660"
68,雪花菈米Official,624252706,住在杳无人烟的银白色大地上的，雪之一族的少女。角色设计：リン ユウ。协力：雪花菈米的雪山小屋。商务合作与问题反馈请私信,"182,542"
69,狮白牡丹Official,624252710,和外表相反，性情慵懒的白狮。角色设计：トマリ 协力：时空字幕组,"182,014"
70,可愛的島風,14248896,这里是虚拟主播-岛风风啦～VR类搞笑视频UP～点个关注不迷路啦～UP仅在哔哩哔哩发视频哦～未经授权请勿盗用视频！（为什么要点开看人家资料呀）,"179,799"
71,葛叶Official,434563422,我是虚拟主播葛叶，请多多关照。,"176,994"
72,時雨羽衣Official,2601367,插画家，虚拟和现实都是哦！工作：电击文库『青梅竹马绝对不会输的恋爱喜剧』Vtuber大空昴造型设计、WIXOSS等,"175,426"
73,兽耳放送,327711614,我是虚拟UP主米露可！嗷呜~,"175,327"
74,不知火芙蕾雅Official,454737600,我是hololive所属3期生 半精灵不知火芙蕾雅哦～ 担当画师：lack   协力：不知火芙蕾雅字幕组,"170,548"
75,亚绮-罗森Official,389857131,"hololive一期生，来自异世界的虚拟治愈系半精灵
❖担当画师：安雲アキタケ
协力：夏露伊苏字幕组。商务合作与问题反馈请私信","168,095"
76,常暗永远Official,491474051,HOLOLIVE所属四期生。为了成长为独当一面的恶魔来到人间学习。担当画师:rurudo  协力：常暗永远字幕组。商务合作及反馈请私信。,"165,762"
77,七海Nana7mi,434334701,Weibo:七海Nana7mi  Email:bd@vrp.live  录播:@出逃鲨鱼抱枕,"164,722"
78,织田信姬official,80387576,最近锅炉故障，更新不定！炊事班审核群873571678，欢迎加入~粉丝1群：745837145  *频道存续已告知信姬运营，并保持原有风格*,"162,878"
79,夢乃栞Yumeno_Shiori,372984197,"おは堕天使*ଘ(੭*ˊᵕˋ)੭

翻譯協力群
963140085

粉丝群
584408832","162,366"
80,静凛Official,403921378,"我是NIJISANJI的Virtual Liver""静凛""。如果能轻松愉快地叫我""Shizurin""的话，我会很高兴的!","161,519"
81,姬森璐娜Official,491474052,HOLOLIVE所属四期生。点心国的公主。担当画师：神崎广（@kanzakihiro）字幕协力：姬森璐娜字幕组,"158,341"
82,尾丸波尔卡Official,624252712,为了成为Vtuber界的招牌而来到hololive的马戏团团员。角色设计：こう ましろ,"157,345"
83,梭梭树,8163245,树树我啊，最喜欢钱了，所以要努力画稿,"152,913"
84,白音雪Official,5570898,这里是来自日本的虚拟up主白音雪 经常会进行直播 喜欢玩游戏和唱歌！粉丝群891379347,"151,561"
85,忘川の泉眼,201448,唯一使用QQ：410990110  高清作品获取途径见公告 【愿我幻想的一切，有一日能够更加清晰地，展现给你~】 ,"150,422"
86,筱魈Channel,4690327,个人势Vliver练习生，不出道了，别问了！录播组@筱魈保护协会,"145,748"
87,早稻叽,1950658,<ChaosLive>在异世界歌唱的恶魔✨❤禁言通知群：473535941✨商务合作请戳：911998640,"145,579"
88,椎名唯华Official,403927583,にじさんじ所属、高校１年、霊能力者です。,"144,634"
89,菫妃奈Official,98181,"VirtuaReal Link所属个人势vup，妈妈是Paryi,目标是做游戏的gamer小狐狸w
推特@sumirehina微博@菫妃奈","144,514"
90,阿媂娅Artia,511613155,HololiveCN二期生｜守望先锋单排500强 ｜寒冰一笑如魇花，冰封千年只为你 。商：hololivecn@cover-corp.com,"144,211"
91,叶Official,434563934,我是NIJISANJI的虚拟主播叶！我喜欢玩游戏，希望能和大家一起享受乐趣！,"142,364"
92,加加Official,1506609,披着萌妹皮的老公，我迟早要把所有的DD都娶了。凭兴趣成为虚拟up主的DD。,"141,457"
93,綾奈奈奈,186463,"我也喜欢你呀。‪‪❤︎‬"" 兔子JKᕱ⑅ᕱ ✨怎么能要求一只兔子讲标准普通话？（疑惑）联系ayanaxnana@gmail邮箱✨▹P-SP◃","141,065"
94,夏色祭保護協会,420711844,夏色祭保護協会所属bilibili账号。非官方祭丝同人组织。主攻夏色祭相关烤肉/原创视频，夏色祭周报/月刊，祭丝群建设。,"136,014"
95,朵莉丝Doris,511613156,Hololive CN二期生 朝向下一道光辉横渡大海吧！ ——来自深海中的人鱼公主～ ,"135,878"
96,Kanna_康娜Official,345819190,我是虚拟主播Kanna！狂热的呆呆兽爱好者!  粉丝群734442518,"135,061"
97,龙胆尊Official,434564604,妾身乃NIJISANJI的虚拟主播龙胆尊，今后多多关照！,"134,079"
98,阳向心美Official,492862,我是偶像Vtuber阳向心美 / 陽向ここみ（cocomi）粉丝4群1071827340字幕组审核群：645927221,"133,689"
99,yakko暗影,175056,175056,"130,313"
100,直播中,v猫诺v,"群:852645078
B站直播间:https://live.bilibili.com/308543
每天12:30播到晚上9点左右啦
","122,695"
101,物述有栖-爱丽丝搬运,203365648,粉丝群 二群902821691  三群1043883885 搬运组审核群 808288640(进群请注明职位),"119,966"
102,魔王酱Maou_Official,163917943,_个人势_虚拟魔王深渊巨口，专吃美少女，不关注加急献祭！晚安群:1040553852录播组@魔王酱祭品严选会 网易云和微博同名～！！！,"119,768"
103,野野宫のののOfficial,441403698,我是虚拟偶像组合“花寄女生宿舍”的成员、Vtuber野野宫ののの！我最喜欢唱歌了，请多关照！,"119,045"
104,小东人魚Official,441382432,我是虚拟偶像组合“花寄女生宿舍”的成员、Vtuber小东人鱼！我要去挑战各种游戏啦！,"118,853"
105,混沌之神-最终虚妄,85816940,游戏制作人，全栈技术宅猫娘，个人群726910018技术群595958357，半个vup，目前还在填灵之秘境老游戏，希望以后做理智优秀的游戏,"118,598"
106,雫るる_Official,387636363,对不起 我是天才,"117,295"
107,桃铃音音Official,624252709,因为憧憬偶像，而从异世界前来的旗袍少女。角色设计：西沢5㍉,"113,736"
108,罗莎琳Rosalyn,511613157,"Hololive CN二期生 来自异世界的图书管理员，来一起探索这个世界吧！
","113,272"
109,宝蓝狼,20036042,弱小 可怜 无助 还特别能嗷 邮箱: takaranoao@gmail.com 独立运营的个人势up,"111,024"
110,水兰儿_Official,63011,大家好，我是虚拟吸血鬼，水兰儿。目标是掉到两千粉，希望大家认真看待我的目标！请多指教！,"109,900"
111,修女克蕾雅Official,477780496,为了治愈身心疲惫的你而直播的哟。平时的直播内容以杂谈和唱歌为主。我会努力「治愈」大家的！,"108,505"
112,幻想乡の鬼狐狸,535637,如果把幻想乡的鬼狐狸谷歌翻译二十次的话 应该挺酷的哦,"108,256"
113,莉泽Official,436596841,bilibili的大家，你好！我是莉泽·赫露艾斯塔，赫露艾斯塔王国的第二位公主。为了作为良好的公主，天天努力！请多多关照,"107,373"
114,陆婉莹GodRiku,337827661,"是个好人
陆家帮二代目帮主。直播预告请私信“直播”
特别喜欢打游戏
商业合作请私信
粉丝群：754278929","106,622"
115,乌拉の帝国Official,610390,大家好哦~ 这里是乌拉拉哒哟~ lucca事务所所属~B站FPS RTS硬核虚拟游戏主播 声音就是这样的 还请各位多多关照~,"105,567"
116,星野饼美,82389,专注卡牌游戏！每天介绍新卡组，每晚在B站694直播间直播，欢迎关注～,"105,272"
117,乙女音Official,406805563,欢迎打钱！谢谢打钱！我想要5000兆円!请叫我oto酱! 烤肉审核:967458726 缺人  ,"105,202"
118,千草はな,8119834,是狐狸不是松鼠！千草はなbilibili唯一官方字幕组，字幕组审核群963140085粉丝群二群290431160,"104,539"
119,MMP字幕搬运,278093107,猫猫扑字幕组｜贝琳&茜菲搬运｜粉丝群：231896856｜https://weibo.com/MMPZMZ,"104,498"
120,阿萨Aza,480680646,你好！我是VRP所属的Vup，喜欢唱歌打游戏。粉丝群：832895027，商务合作请联系bd@vrp.live,"104,136"
121,艾因Eine,421267475,歌与魔法改变世界！我是艾因，永远19岁的异世界魔法师！虚拟主播团体VirtuaReal一期生,"103,414"
122,猫芒ベル_Official,487550002, ViViD所属的Vtuber。见习魔女。‍#猫芒照相馆#,"102,674"
123,七柠Official,415578378,415578378,"102,623"
124,山崎kaori,214854,"谢谢你关注了平平无奇的kaori
目前作为虚拟主播+UP主活动中
魔女SP
通知闲聊多用QQ群：204090709","100,153"
125,直播中,窥酱Channel,bilibili UP主认证：bilibili 知名套皮女主播,"99,905"
126,委员长杂鱼搬运,109891,无情的烤肉机器，感谢各位组员和野生烤肉man。非公式杂鱼搬运，長期招募翻译校对，能力有限不足之處請見諒。,"99,859"
127,虚拟宫宫Official,24622055,中日双语所谓“虚拟UP主(VTuber)”。妹子的外貌，大叔的头脑。群号:82698857　微博:宫崎壮玄and虚拟宫宫,"99,713"
128,直播中,夜霧Yogiri,吸猫BOT＊努力&自律＊HOLOLIVE CHINA一期生YOGIRI＊担当画师：本田ロアロ,"99,690"
129,步玎Pudding,416622817,P-SP所属 在考拉国留学的死宅萌豚JK哟❤️ 喜欢暖和的太阳和...炸猪排！步玎的DD冰箱：818843850,"99,453"
130,兰若_Re,373493702,来自成都的虚拟up主，青城山扛把子兰若_Re~～  商务合作WX：18000561602（请备注来意）,"98,765"
131,老教师琦琦子,1780773,勿谓言之不预也,"98,172"
132,山兔YamaUsagi,519464736,Hola～这里是山兔YamaUsagi，梦想是成为Super idol！未来的日子里请接收我的元气抛瓦吧((꜆꜄•௰•)꜆꜄꜆,"98,142"
133,绿仙Official,403930401,大家好，我是NIJISANJI的绿仙。18岁。多多给我留言评论我会很开心的。请多关照！,"97,902"
134,红晓音Akane,899804,P-SP所属。喜欢唱歌的魔法少女，猫咪是世界的宝藏！与你相遇就是最美的魔法❤ 聊天群： 807630180,"97,075"
135,杀戮的天使官方,24791744,《杀戮的天使》日本官方号。欢迎关注我们的微博@杀戮的天使官博(*^▽^*),"96,972"
136,阿梓从小就很可爱,7706705,大家好！我是宅在家爱唱歌的梓酱！,"96,513"
137,HiiroVTuber,508963009,"英文虚拟UP主！English VTB Hiiro, 英語VTBひいろ。901 IQ, 不是 debu, cat！","94,699"
138,安洁Official,458154143,久等了，是不是等很久啦？你们好，我是美少女炼金术师安洁。想要炼成恋人的话，就先做好失去一只手的心理准备吧。,"94,483"
139,AZKi_Official,389056211,hololive lNNK Music成员，Vsinger的AZKi，我很喜欢唱歌。协力：时空字幕组。,"94,131"
140,樋口枫Official,410455162,でろーんでろーんでろんはお！にじさんじ公式バーチャルライバ－の樋口楓です。みんなを思いっきり笑わせたいです！,"93,735"
141,Siva_小虾鱼_,358695457,雪风军团所属，喜欢唱歌和幻想的萌（？）系新物种失忆少女。想要成为一站上舞台就闪闪发光的人ੈ✩‧₊˚        粉丝群：812593384,"92,937"
142,森永みうofficial,2778044,森永is可爱/粉丝群：321313666/本人直通E-mail:morinaga.bili@gmail.com,"92,411"
143,未来明-MiraiAkari,238537745,hello、这里是未来明！！( •̀ᴗ•́ )ゞ  来自日本的虚拟up主   粉丝群qq：614751169,"91,634"
144,井水黑の宅叔,1869904,目标10w粉！冲啊！粉丝群号：1079235481，关注吧，不会后悔滴。,"91,073"
145,鹿野灸,5659864,本音，请勿议论三次信息，也请勿在无关视频刷我的名字，目前只有B站这一个帐号，其他平台均为假冒请擦亮眼睛不要受骗，感谢你的喜欢与支持！魔女公司,"90,529"
146,碧居结衣Official,179459,蓝兔子 十六岁的lady 粉丝群一二三四群已满、粉丝五群1124716134 字幕组审核群：1140863299,"90,219"
147,NIJISANJI,410484677,公式サイト：https://nijisanji.ichikara.co.jp,"90,033"
148,魔乃阿萝耶Official,624252711,以成为魔界歌姬为目标，任性又喜欢恶作剧的萨Q帕斯。角色设计：Guchico,"90,029"
149,VirtuaReal,413748120,报名请移步 vup.link/join 填写问卷！招聘：join@vrp.live 商务合作：bd@vrp.live,"89,240"
150,安堂いなり_official,392505232,VirtuaReal Link所属个人势Vtuber 安堂いなり,"89,130"
151,戌亥床Official,458154142,歌うことが大好き！ケルベロスの戌亥とこです。,"88,576"
152,切茜娅CheIsea,632960,执掌欲求与堕落之魔王，游戏人间是乐趣所在。如何，做好献身于我的准备了吗？,"85,623"
153,喵田弥夜Miya,846180,你好喵！这里是喜欢玩游戏和画画的个人势vup，miya哒！是自己的画师~，社团peroclub~,"85,573"
154,夏実萌恵,355167926,"Hi guys, my name is Natsumi Moe. Nice to meet you!","84,607"
155,莉姬女王,387108043,QQ通知群995934296  我是莉姬リジ 来自异世界的女王， 是个迷路姬。喜欢玩恐怖游戏偏多。开播时间请加群  加群暗号 欧迪亚帝国 ,"83,434"
156,白百合リリィOfficial,421347849,ViViD所属，不管是你们还是money都最喜欢的守财天使！箱推6群1132670270字幕组审核群685228392,"82,513"
157,小凌漆漆,436197297,436197297,"81,951"
158,心斎桥オクトOfficial,17492464,个人势大阪系虚拟UP主 Ocuto！二创组⇒ ＠ocuto的大阪烧 ◆一群：933080154 二群：648657553,"81,475"
159,PPHOfficial,393940396,是珠穆朗玛峰,"81,068"
160,adogsama,317000,个人势。关于我在bilibili的账户该如何解决悄悄关注数是关注数5倍的哲学问题。QQ：46548864,"80,685"
161,杏仁ミル,396751329,会说中文跟日文的杏仁教教主!,"80,620"
162,小伞一把SCP-SNP,1740548,喜欢就关注吧❤ 录播@混沌之伞的星球 微博@有一把小伞 ,"80,131"
163,御伽原江良Official,436596838,御伽原江良です！ギバラと呼ばれています！よろしくお願いします！,"79,652"
164,罗伊_Roi,480745939,VRP所属liver，来自异世界的王子，商务合作请联系bd@vrp.live,"76,169"
165,音俣RukaOfficial,406548031,音俣るかOfficial！ 是高智能机器人！twitter.com/oto_ruka  审核群：914356308,"75,815"
166,默磷Official,820535,-魔女公司Project-；知识区UP主；做点寓教于乐的科普视频~,"75,364"
167,爱宫MILKOfficial,419429042,大家好，这里是见习偶像Vtuber 爱宫Milk的说~ ❖担当画师：佃煮海苔男(佃煮のりお)。,"74,198"
168,米糊zzZ,96644933,"关注我的，你怎么这么可爱捏？
粉丝群：365513348
微博：米糊zzZ","73,931"
169,可儿！,481169,481169,"73,459"
170,如月こより_Official,524194761,我是能令哭泣的孩子着迷的虚拟僵尸如月Koyori。,"73,094"
171,电脑少女siro_小白,391876799,"大家好！我是电脑少女小白！喜欢游戏实况！目标是虚拟世界的偶像！
请点击关注，拜托了(๑•̀ㅂ•́)و✧","72,462"
172,家长麦Official,436596837,我是NIJISANJI的家长麦！来和我交朋友，一起玩吧~我随时等着大家！,"71,522"
173,佐仓•M•沙耶加,72960,直播地址：http://live.bilibili.com/104,"71,465"
174,灵无所归_梦无所往,297340,梦想是为了实现而存在的。（不关注一下么？）更多精彩视频都在往期哦~我即将出道啦,"70,779"
175,泰蕾莎Channel,620903,虽然然经常被误解但是是个人势哦？！QQ群：640969703 ,"68,763"
176,铃果Official,416203727,账号已停用，感谢你的喜欢。但愿重逢。,"68,209"
177,まこと-Official,472135480,macoto官方账号，YouTube：まこと。 niconico邮箱：http://bit.ly/30VkTjp　推特账号@rnqq,"68,117"
178,鹰宫莉音Official,436596840,我是NIJISANJI的超级美少女大小姐VTuber鹰宫莉音，在私立帝华高校读二年级，各位请多多关照！,"68,005"
179,无理MURI,455916618,Virtuareal Project 三期生。但愿绝望和无奈远走高飞。,"67,924"
180,伊恩姬_故障Ai,328284808,雪风军团所属vup ～*一个普通的游戏up路过/ps.故障军基地793097820欢迎你,"67,140"
181,钉宫妮妮Ninico,8881297,个人势V虚拟演员钉宫妮妮❤Ninico是治愈系独角猫❤梦想成为明星拿奥斯卡妮~谢谢大家喜欢妮！！！ ,"66,870"
182,贝尔蒙德Official,441666967,"大家""Ban""上好!にじさんじ公式バーチャルライバー、ベルモンド・バンデラスと申します。欢迎你。","66,541"
183,永远永远酱w,135980509,"个人势小行星vup，很高兴能够来到地球与大家成为好朋友w！谢谢大家一直以来的喜欢与支持！吾辈永远爱你萌w~

目前只玩：微博贴吧，同名w","66,342"
184,直播中,AIofficial,我是可爱的AI虚拟主播AI酱~,"65,982"
185,S1娘Official,97340936,勤劳的烟厂厂妹，兼职当坛娘vtb。粉丝群：1020524454(已满)，二群：1060968078。,"65,261"
186,玩具喵Official,296496909,专栏向手游攻略up主，萌游姬攻略组创始人。玩具喵是无口系vup喔~,"65,170"
187,里奈Rina,7591465,-Croven教团- 带着大镰刀和小幽灵宠物的快乐死神！别名Jorina·Joestar,"65,158"
188,MeAqua动画制作委员会,4307809,めあくあてぇてぇ！主要创作以神楽めあ与湊あくあ为主角的二次创作视频作品，不定期投稿。审核群号：907670971,"64,462"
189,绅士Kevil,12908394,人形自走变声器/谢谢你这么好看还喜欢我w/邮箱：kevil_lucca@163.com/群号：820904656,"63,452"
190,直播中,dsailab二号机,我是二号机,"63,347"
191,Ruriko琉璃子Channel,47441,个人势VUP/虚拟主播Ruriko琉璃子，是吸血鬼,"61,921"
192,郡道美玲Official,458154139,郡道美玲、高校教師です。 座右の銘は『人生は長めの自己紹介』です。,"61,303"
193,社筑Official,458154141,中国のオタクな感じの皆さん、こんにちハッカ！ 我来自日本，想要和你们交流！ 好きなものを語り合いましょう！,"60,111"
194,直播中,律可Official,"holostars一期生，holoroid律可哦！
担当画师：冬臣","60,053"
195,AGKUTA,10892065,=黑川芥｜没空营业年更个人势vup｜个人群：1046454046｜画画打游戏做动画，工地三语使用者，营业社障，KY退散,"59,604"
196,童田明治Official,458154140,嘎卟嘎卟~！我是NIJISANJI的童田明治！喜欢动画、唱歌和玩游戏！好想和大家一起玩得开心呀~！ヾ('ω')ﾉ,"59,590"
197,天神子兔音Official,360221708,※天神子兔音官方BILIBILI账号※   哟！我是VTuber的天神子兔音哦！请多关照！随手点一下关注啦~,"59,420"
198,ChroNoiR_搬运组,385501313,NIJISANJI虚拟主播叶＆葛叶双人搬运组 欢迎加入字幕组 审核群：733370258；粉丝群见b站网页空间公告,"58,939"
199,直播中,奶茶姬,手残路痴迷糊茶，b站直播间：10244，粉丝群：872919596，微博@奶茶姬丶,"57,982"
200,幽灵子辰,4763529,虚研社下属虚拟UP主，欢迎加入粉丝群555631826！！,"57,929"
201,奈姬niki_Channel,3035105,“一生追求，钱与自由”,"57,588"
202,YuNi_Channel,325325965,"应援二群：836192502
翻唱歌词来源于网络
字幕协力:放学后茶会字幕组","57,128"
203,一果Ichigo,434341786,VirtuaReal Project二期生的天才jk一果⭐master 商务合作请联系bd@vrp.live,"56,513"
204,古守血遊official,2299184,Chucolala所属古守ちゆ的汉化搬运组  官方授权  妈妈：paryi,"56,195"
205,雪绘Yukie,56748733,VR7期暴力美学爱好者，真实的法师，直播时间很神必，靠缘分狙击。,"55,840"
206,沙夜_Saya,490331391,VirtuaReal所属77生沙夜下划线saya<VR小地暖<真是个女的<商务合作请联系邮箱bd@vrp.live,"54,925"
207,Azulim搬运组,508191,欢迎小天使回家 Azulim粉丝群：383155405,"54,617"
208,星川莎拉搬运,410542957,这里是星川莎拉搬运翻译组！欢迎喜欢Sara的有能人士加入我们！审核群号849936395 粉丝群号655985854,"54,198"
209,游戏部企划official,252599,日本东京都内高校 游戏部project所属 梦咲枫 道明寺晴翔 风见凉 樱树米莉亚,"54,158"
210,龙包包,1420223,个人势vup（大概 粉丝群：340168101，微博：http://weibo.com/2176179555/ ,"54,070"
211,Rider坏宝,1998929,普通的特摄UP，普通的虚拟主播，CatsChainReaction链式猫所属，商业合作请联系：605925261,"53,678"
212,高原守Channel,503302,<ChaosLive·S>所属个人势vup高原守！很高兴见到您 今后请多关照！ 粉丝群629357424,"53,644"
213,梦月萝娅Official,477780499,噢！噢！NIJISANJI所属的萝娅呐喏哒！为了对人类搞恶作剧从魔界来的恶魔呐喏哒！在人间每天和大家一起玩游戏聊天喏哒！,"53,545"
214,兰若_Ruo,320740464,Hello，这里是虚拟up主兰若呀，请多多指教(๑˃́ꇴ˂̀๑)，QQ群：792129193 微博：@兰若_Ruo,"53,512"
215,而安yasu,32283167,歌会约歌请戳助理Q 1103018038（合作请注明来意）以后会不定期更新各种好听的歌曲，欢迎关注 / 微博@而安yasu,"52,676"
216,宇森ひなこ王国運搬,4175516,一个搬运组，也是一个粉丝讨论平台，不代表某方立场。,"52,579"
217,三千宫魔王Miya,244069,粉丝群：811632830 喜欢唱歌，喜欢打游戏，喜欢聊天，朋友很少，喜欢自闭！！！魔女公司project挂名,"52,550"
218,皆守ひいろOfficial,395814787,ENTUM所属Virtual Youtuber皆守ひいろ官方搬运组，审核群:210018183，养老群:885616351，谢谢大家支持至今,"52,365"
219,中单光一,434401868,我是光一，Virtuareal Project二期生。很高兴见到您，请多关照。商务合作请联系邮箱bd@vrp.live,"52,207"
220,蜜球兔,1750561,来自月亮! 代号蜜球兔的魔法少女! ⭐ VirtuaReal所属虚拟魔法兔子 <商务合作请联系bd@vrp.live>,"52,150"
221,晓月半_普通员工,387704749,能玩游戏也爱追剧的神奇AI少女！抖音/半次元/微博：晓月半_普通员工 （每天更新哦~）,"51,867"
222,若芖_教师资格销吊中,363398777,不是芙是芖（第二个字读zhì 直播通知群:1062562873 二群:872803565,"51,053"
223,中南小团子,222750630,"中南大学是985，211，双一流A类建设高校。
中南up主交流群：811979919
2020小团子新生群：982709887
升华工作室","50,951"
224,弥希Miki,477317922,VirtuaReal Project所属的弥希 粉丝2群：865142932 FANART：#肠粉板报 更多看视频简介哦,"50,676"
225,直播中,sunyeojin,奶味主播  每晚7点LIVE ON！！每周五六晚11点B限~~！！,"50,323"
226,NoWorld_Official,434662713,"虚拟音乐组合NoWorld
粉丝5群：1138336671
字幕审核：623283079
舰长群：704427048","50,206"
227,直播中,惑姬Waku,Virtuareal Project所属四期生，一只来自神州泽国的文盲  商务合作请联系bd@vrp.live,"50,092"
228,KMNHZ-China,2149710,【非公式】根据二创条例KMNZ熟肉烤制中！翻译校对长期招募：629356036 同好交流：703784033,"49,786"
229,秋凛子Rinco,479633069,（P-SP所属）神社网这么破，活该没人来！【5G信号的神社：622934834】,"49,587"
230,❀Sakulaˇ小舞,264161,Sparkle火花声音工作室·有个群305365600·配音唱歌！·故意写的L不是R·合作工作欢迎私信·微博@Sakula小舞,"48,704"
231,星弥Hoshimi,477342747,✨你的心意一定会得到回应。商务合作请联系bd@vrp.live,"48,580"
232,茶冷_Channel,741520,一般路过不怎么会画画的恶魔。群号952986642-不是牛角包拟人——,"48,323"
233,铃音_Official,39267739,个人势vup，聪明可爱铃咕咕desu~哪怕是一只小小的鸽子也想绽放光芒！一般晚上9点开播~录播:铃音suzune录播组，原画&建模:池泽酱,"48,136"
234,水龙敬Official,124025181,水龙敬园长官方账号，希望能够自由的直播复古游戏和唱歌画画。字幕组审核群号：1135663197,"48,075"
235,Seikyuu-VA,877437,你好，很高兴认识你！我叫Seikyuu，我会吃掉你的噩梦，用甜甜的梦代替它！我是专业声优，英语vtuber！,"47,934"
236,雛月Mofu,1612112,本业无职猫一只，为了生活开始了妹抖副业（゜、。ｱ,"47,051"
237,周防パトラ搬运,385851175,纪念：たばこ。HNST周防パトラ汉化搬运，组招翻译校对有意加群971079339，粉丝群925416397。生肉搬运@陽向葵的向日葵,"47,038"
238,尤特Ute_Official,517601,<Facemoe>虚拟UP主，10w粉3D化！ 粉丝2群：983046765,"46,992"
239,田汐汐_Official,473764233,雪风军团所属VUP！花一样的人·类·16岁女高中生田汐汐！目前在游戏中古店Kook's担任看板娘Ow<！,"46,880"
240,道明寺可可亚official,381951501,大家好 我是道明寺可可亚 有时会唱一些我喜欢的歌 请大家多多关照,"46,789"
241,奏手一弦Official,456232604,这里是holostars所属Vtuber奏手一弦。【麻麻：TCB】,"46,175"
242,爱夏なつ,1826804, 再也不是没有温度的空间，而是名为爱夏的晴天。,"45,487"
243,铃鹿诗子Official,458154144,这里是超喜欢BL和可爱的男孩子，有一点危险的唱歌大姐姐。动漫歌曲和酒也都很喜欢！26岁单身，正在相亲中！,"45,427"
244,德比鲁Official,441666968,沉迷于百合小说和冰淇淋的恶魔德比德比・德比鲁,"45,120"
245,铃原艺术研究社,428424219,遵守彩虹社二创条例 非官方搬运组 露露粉丝群：929297862 ※缺剪辑后期※ 有意者请b站私信或者加粉丝群联系管理,"44,597"
246,隐神木荫-九石玉Official,488983671,"平时会发一些@猫宫日向Official的NG视频和动态 请多多指教啦～ 推特是@vd_inuko 
& @vf_tamama","44,577"
247,卖火柴的可可亚,719049,认为自己是美少女的精神异常猫男（x）酒馆战棋主播（x）小游戏主播（√）视频1080p音画不同步的换1080p60帧，反之换回来（,"43,624"
248,森中花咲Official,436596836,る〜るるる〜！にじさんじ所属バーチャルライバーの森中花咲です！billbill動画でも楽しく活動していきたいと思います！,"43,411"
249,麦可可提不起劲,301760,虚拟鸽子，鲨鱼魔人，全职漫画家，偶尔做点小动画。weibo:麦可洛克,"43,053"
250,健屋花那的诊疗所,386764545,にじさんじ所属健屋花那搬运组 审核群：883480132 粉丝群：185444267 生肉合集无特殊说明每日更新,"42,974"
251,kinoko杂菌,351007,个人号，只想做自己愿意的事。,"41,833"
252,风见唯花搬运,456435399,VTB风见唯花搬运（非公式）（招翻译，有意者请私聊）（直播录像目前先传生肉，后续条件允许的话将会换源）,"41,303"
253,呆梓爱你嗷,1598199,vup嗷嗷和舞见呆梓共用的号】 直播间565】真爱粉马甲：xx爱你嗷】嗷群：897149491 梓群：342032558】不忘初心 永远爱他,"41,055"
254,音音继ねね_Official,439071630,欢迎来到nelineli音乐！音音継ねね和猫姫琥珀用歌声治愈你〜,"40,905"
255,七濑Unia,353361863,努力成为开心快乐一生的妖精王！尤尼娅哒！军团群：885350936/Aien所属个人势/录播组@Uniaの妖精之森/话题#Uniart# ,"40,851"
256,直播中,Oscar-Channel,10296177,"40,828"
257,白雪巴的夜王国,484764631,にじさんじ所属バーチャルライバー白雪 巴(しらゆき ともえ) 的非公式搬运组，审核群924539586 粉丝新群915685920,"40,626"
258,叫我MOUMOU酱,352396621,这有什么问题么？微博：叫我MOUMOU酱,"40,539"
259,不更文,11785510,>求关注<  打赏→afdian.net/@bugengwen  粉丝二群932989418跑团群1132036447,"40,359"
260,xgjfsjhynrdyjyx,9491259,请各位看最后一条动态,"40,140"
261,鈴宮鈴,480432362,LOL天使　妈妈paryi 推特@rin_suzumiyaa,"39,756"
262,柠狐柃,19462294,搞笑系虚拟UP主哒! 小伙伴们习惯叫我柠檬！求三连和关注！持续更新中！,"39,474"
263,莱娅Leia_Official,441416698,"见到你很高兴! 我是虚拟主播 Leia(莱娅) QQ粉丝俱乐部 (1055047237, 642839924) 审核组：822069154","39,224"
264,纸代棗-やすゆきOfficial,480179246,"VTuber纸代棗与日本绘师やすゆき的共用账号
纸代棗 推特@kmsr_natsume
y老师推特/微博:@yasu00kamiki","39,154"
265,直播中,花留Karu,贵族世家出身的大小姐，草留Karu，Virtuareal八期生。阳光浴场群号:150464672 ,"39,150"
266,赤星组Channel,444559,直播间21232671 正式授权 粉丝群 725327833 审核群590628786 吃翻译校对，剪辑后期，调音混音，美工画师，动画建模,"39,138"
267,佐久間ねむ搬运,415858231,是狐狸不是羊驼(*´ω｀*)  佐久間ねむ油管频道官方授权字幕组 粉丝2群1015921219 审核群672668290,"38,764"
268,久远千岁搬运组,257492,にじさんじ所属久远千岁非公式搬运,"38,150"
269,holostars,444316844,VTuber（虚拟Youtuber）事务所「holostars」官方帐号 ,"38,099"
270,子彧_official,35749736,是子彧（yù）不是子或！  联系子彧请加聊天Q群：679589673    录播组：@M78录播组,"38,084"
271,沙月ちゃん,128912828,个人势vup，不属于任何社团组织！开播全靠缘分~！开播通知群：970778952  录播仓库：@沙羽,"37,869"
272,神乐Mea同好会,479729029,神楽めあ相关信息搬运号。资讯情报、剪辑熟肉、PV二创freestyle 。人手不多，如有加入意愿欢迎私聊。,"37,667"
273,华硕天选官方UP,471130755,华硕天选品牌代言人天选姬，已入驻华硕天选官方UP啦，说好的关注人家的，不能说话不作数哟~,"37,385"
274,图波列夫的设计图,29145262,slaVTuber图酱Да! 毛子系航空系尖叫VUP，幻HOME一期生，业余飞行学习中 直播在隔壁找不到请加群190910217谢绝政治,"37,036"
275,佐久間ねむOfficial,476903292,Ciao~!佐久間ねむ(Sakuma Nemu)。16岁，是学生。粉絲2群1015921219 审核群672668290,"37,031"
276,因幡組搬運中心,382545233,因幡はねる非官方B站搬運 故任何發言與日方無關 工作群群號926948227 あにまーれ檬群已滿 桃群836629287,"37,012"
277,喵月nyatsuki,472821519,为了远道而来的你←VirtuaReal 想要成为歌势 商务合作请联系bd@vrp.live,"36,466"
278,名取さな字幕组,395933021,个人势VTuber名取纱那授权搬运组。搬运@名取さな。长期收剪辑翻译打轴校对。不接受商业合作。交流群：708857540,"35,695"
279,尼奥喵Neil_Channel,12120515,个人势聊天up主 请多关照,"35,669"
280,胡桃Usa,12497617,✞ 堕天使降临 ✞  QQ群864814510／画师@林大B／录播@Providence企划,"35,593"
281,love-pii-channel,580482351,初次见面！这里是love-pii官方频道！字幕组持续吃人中~审核群号961351462,"35,425"
282,Project_V_官方,383012066,为您带来虚拟主播的娱乐节目，活动直播和各种信息的综合频道,"35,258"
283,寿寿歌_suzuka,471308347,VirtuaReal Link と 游戏风云 所属、背徳の天使寿々歌だ！,"35,228"
284,绯赤艾莉欧Official,407106379,幻想骑士团团长绯赤erio chucolala所属 粉丝群：910755201 字幕组审核群： 526081395,"34,646"
285,萝卜蘸酱_机萪Official,479965355,人类，你们好，我是萝卜蘸酱。直播间：22210240 商务合作请联系：xinke_business@sina.com,"34,596"
286,三日暦Official,571841213,LOLを布教する為に舞い降りた教祖、みずかいこよみです,"34,439"
287,度人Tabibito,474369808,初次见面，我是度人，VirtuaReal所属虚拟牌手，智斗洋馆馆主，空天雪城城主。商务合作请联系：bd@vrp.live,"34,403"
288,友希Yuuki,8363141,"不会唱歌不会画画不会杂谈不会打游戏的个人势vup
群：1148176536 录播组：友希の练歌房
一周3播平时很忙 不是全职vup望体谅","34,142"
289,舞元启介Official,477780497,大家好！我是NIJISANJI所属虚拟主播舞元启介！是一个喜欢运动喜欢酒，还喜欢打游戏的VTuber！请多指教！,"34,121"
290,-Yu酱-,3032688,个人势全职虚拟主播，虚拟形象是有尾巴的人鱼～个人势很需要大家支持，所以喜欢就来直播间支持yu吧！每晚9点直播，录播号:Yu酱の录播小天使,"33,807"
291,云玉鸾,8170242,Lucca事务所所属！游学出逃，喜欢吃吃吃，麦霸。,"33,775"
292,樱美Yuna-Official,1448323,"初次见面,我是樱美yuna一边上大学一边以播音员作为目标正在努力中，应援请多关照!","33,699"
293,八美联,348832436,本组目前只进行兔鞠和玛格萝娜的字幕制作/长期招收各种职位 审核群：735848012 粉丝群1056205796,"33,567"
294,虎丸幼一Official,205083578,"恭喜你成功捕捉到一只白虎！
粉丝群群号:752417937
( ㊖ ˍ ㊖ )","33,340"
295,剑持刀也搬运组,327875807,按二创条例之非官方字幕组。播放清单见收藏夹。长期收翻译（N2)校对(N1) 审核群1027491791 粉絲群785745032 欢迎来虚空,"33,238"
296,某柯moke,2844993,粉企鹅desu 单挑群：701464504,"33,047"
297,鸽姬言知,35478071,想办法凑更的屑UP    不怎么会说话    ADTB社团男妈妈   商务合作请私信   聊天吹水群 453778370,"33,027"
298,星ノ谷みやOfficial,402105315,来自星之国的双语喵星人  粉丝群：855284000 【P-SP】,"32,639"
299,神楽唯Official,38631,这里是神楽唯「KaguraYui」请多多关照！ママ：@鸟蛋peach 交流群 333972765 注意！这只主播是猛男！,"32,448"
300,羽音Hanon,455965041,42,"32,287"
301,日月咪玉-官方,391614061,静凛·家长麦酱的妹妹・虚拟歌手日月咪玉！学习中文 官方粉丝群是1014648717,"32,176"
302,乐喵Channel,483231,22世纪的虚拟UP猫，未来信箱：miachannel@foxmail.com，直播的时候会念来信,"32,090"
303,轴伊Joi_Channel,61639371,爽诶…！窒息系无感情虚拟主播。QQ群849437495。橘子是最完美的水果～,"31,948"
304,直播中,dsailab,任何问题请联系QQ：2434985883,"31,708"
305,莉泽的第二工厂,412180051,审核群：882680894。粉丝一群：668727087。粉丝二群:775826560 ,"31,556"
306,寇蔻_Official,493549454,"喜欢画画的清草系vup。寇——蔻——哒——哟——( ´･ω･)ﾉ
大家都是照亮我的星星
周二周五周日21点直播
二群：1146148369","31,338"
307,子花酱Hanako,75937648,"个人势vup子花，一只爱打游戏的恶魔
本职是画师，lol是兴趣
微博@子花酱Hanako
录播@子花大爷的监控室
水友群：571803820","31,296"
308,折歌歌,394877484,可以说一句我永远喜欢歌歌吗哪怕不是真心的,"31,280"
309,木易Maria,82255852,微博@木易Maria 唱见/YYGQ剪辑/PV师见收藏夹/群：1026413564 合作戳助理Q：2939503072,"31,241"
310,超V学园_林玲Lynn,474593909,ᕱ⑅ᕱ 爱唱歌画画打游戏可萝可御JK老二次元兔兔，心潮澎湃,"30,892"
311,眞白花音_Official,401480763,这里是真白花音，Chucolala所属的vtuber，请多多关照~ （已授权）粉丝群：776040686,"30,656"
312,从千草西园到三味书屋,237428079,这里是2434所属vtuber西园千草的非公式搬运组，不定期产出熟肉。审核群号：1025555212,"30,584"
313,星乃めあOfficial,5730,梦见坂学院音乐科合唱部所属的高二学生 粉丝群二群：711193895 翻译组：949143480,"30,490"
314,时音Official,446409293,<CodeEcho所属>不爱喝奶茶的打工狂魔不是好vup  单推群：673773219  围脖：时音Official,"30,162"
315,不能吃的ok酱,1764912,今天也因染上你的颜色而幸福着。风云社所属，本职是个JK，为了养活仅一人的女仆咖啡厅而兼职成为大家的香香妈~,"29,955"
316,居家女仆助手LOLO,102668397,LOLO授权带字幕转载字幕组  喜欢可爱的LOLO酱可以点一下关注哦! （审核群号：1140780719）,"29,621"
317,初焰Hatsuhomura,431473020,帕图姆星的赤狐少年！每周三五六晚7点30固定直播唔！初焰伙伴2群：819914179 直播通知：753657269,"29,454"
318,角卷绵芽保护协会,490441866,角卷绵芽游记团所属，角卷绵芽保护协会bilibili账号。主要负责烤推与二创制作。有意加入请加群：597594959,"29,313"
319,直播中,某南,程序猿个人势VUp，Q群157733521,"29,294"
320,花谱_kaf,488970166,16岁，栖息于日本某处。仿佛无处不在，却又无影无踪。虚拟歌手 花譜/KAF。,"29,262"
321,星川杏_,1384726,虚拟gamer星川杏desu，又菜又爱玩。单挑群：1064656546,"29,177"
322,超V学园_林伊Eli,474593910,"宇宙无敌元气可爱世界最靓超级美少女林伊,晚上9点开播，下午不定时出没。","29,171"
323,子凌弈秋,32410214,【佛系狼崽】再烦我就咬人了！（有个走失的哥哥！全网通缉中！）,"28,982"
324,夜岚_Official,1523623,"个人势养生系VUP//希望你也可以活成自己想要的样子
-每月充电前三名赠送周边
-粉丝聊天群263 052 609
-脑袋上的是笋，不是兽耳","28,724"
325,泡沫メモリ_Official,487551829,ViViD所属的Vtuber。人类与精灵的混血。粉丝群：1132670270（7群）。字幕组审核群：685228392,"28,578"
326,直立行走已存在,14712304,音無姊妹U2b：http://qq2q.biz/LRdu 搬运，粉丝群：684362460,"28,514"
327,铃木胜Official,586880205,我是NIJISANJI所属的铃木胜！虚拟中学2年级的男生。 在哔哩哔哩也请多关照哦！,"28,319"
328,樱樱火Official,474113504,为了成为VTUBER里的最好的主持人（中日贴贴大使）而努力樱樱！DD裙→725919600,"28,093"
329,Milky_Vtuber,410741448,喵吼，我是みるきぃ！是喜欢游戏的vtuber，请多多指教！推特：@MilkyVtuber 粉丝Q群：661057871,"28,071"
330,账号已注销,399227464,399227464,"28,007"
331,相羽初叶_Official,586880202,にじさんじ所属アイドルライバー相羽ういはの公式チャンネルです。,"27,990"
332,花守海露希Official,476542825,我是元气满满可爱小护士花守海露希！能说中英日韩四种语言。绘师：Ayamy  粉丝群：915386095 ,"27,867"
333,雨宫水希Channel,744713,"个人势 无声默剧系虚拟大小姐。
为你带来安静治愈的天才Gamer。
闲聊群：879219501。","27,708"
334,萨麦尔_Samael,370689210,VirtuaReal所属怒之撒旦萨麦尔samael。喂？在吗？我馋你魂；商务合作邮箱：bd@vrp.live,"27,665"
335,梦追翔Official,511613154,我是虚拟创作歌手，梦追翔!,"27,632"
336,真绯瑠mahiru,477306079,VirtuaReal Project所属的真绯瑠mahiru!デビル日々進化中!商务合作请联系：bd@vrp.live,"27,608"
337,饼叽Official,20709396,"这里是mochipro创始人、虚拟创作者兼3D建模师饼叽
所属官方字幕组
粉丝：361235705 工作：962698869
","27,554"
338,打酱油的魔神_Channel,11082943,御魔道而度众生,"27,506"
339,多拉Official,595407555,よう人間ども！ファイアードレイクのドーラじゃよ～！今日もいいことありますように！,"27,427"
340,fairyschan,432762700,我是鹦鹉ふぇありす(Fairyschan)！来自日本的清楚系虚拟YouTuber～还请大家多多关照~~~,"27,246"
341,安德莉亚提不起劲,249088457,249088457,"27,088"
342,珠鳴なるOfficial,454110795,和遥树奈Project所属，珠鳴なる(tamanaki_naru)，我可是男孩子哦…就算这样也没问题吗？画师：和遥キナ,"27,055"
343,多间硝子_Official,20621838,多间硝子字幕组，已获得硝子本人授权，工作审核群：343829984，粉丝群：838891180，入群答案翻视频,"27,050"
344,直播中,恶魔channel,个人势 VUP   【交流群945967273】  唔~          游戏虚拟主播（✖）生草虚拟主播（✔）,"26,505"
345,超电VUP官方账号,597066058,来D来D~招募及合作请联系 chaodian_vup@bilibili.com,"26,425"
346,星星Star_Vtuber,258872141,Vtb的事那能叫骗吗     Q群:125476277 ,"26,388"
347,朝比奈蒼,431971663,ひっひ～✨我是朝比奈蒼！粉丝群：390132944 爱发电:https://afdian.net/@AsahinaAO,"26,302"
348,青川哈露卡_Official,625871594,骡子也比驴子好,"25,989"
349,芭娜娜Official,478735811,<CodeEcho所属> 养了只不明生物的虚拟大小姐。有个蕉流2群：1073042231,"25,956"
350,橘柠院Jny,314993,个人势VTB魔界万事屋老板娘—橘子！请多指教！,"25,833"
351,鬼畜千寻炎哈组,3726678,彩虹社授权搬运联盟 勇气千寻&涩谷初翻译组（935596752） 粉丝群：785346206 760928989,"25,765"
352,猫小鹰Owl,524279657,大家好，这里是新人vup时空邮差猫小鹰~目标是vup界的最强猫头鹰！粉丝群：397211036,"25,753"
353,直播中,神奈希_Official,今天的你还好吗？LBG社团的神明泡泡茶会✨的一员，经常突击直播，详情看置顶动态～欢迎大家的联动呐！目前目标:10w粉，你愿意成为我的崽崽嘛~,"25,722"
354,七濑昴Official,398709832,这里是七瀬すばる授权官方号！绝赞吃剪辑翻译校对美工画师中，吃人组号：853525385， 粉丝群2：665028735,"25,627"
355,电流妹Delia,32484896,魔女公司Project 直播唱歌&游戏，可以加群了解出没时间!催波群786293113,"25,490"
356,Persimmon-柿子,738002,个人号。,"25,489"
357,琴咕咕Official,102511389,画小人的八美肉系VUP。不考虑点个关注吗？（笑）大琴帝国:249351270,"25,474"
358,木暮Piyoko-官方,486618658,大家好！我是超大型新人木暮piyoko!官方粉丝群是1061116009,"25,470"
359,超次元次元酱,2706257,-`嗨嗨~这是一个元气神经虚拟up 最惨官方群：625550014 合作QQ：258838324,"25,438"
360,堕天稚悠爱Official,411913934,字幕组长期招收组员，有意进组请加QQ群735848012,"25,411"
361,KINGSK科科_Channel,36795838,VRL所属狼人，你也喜欢毛茸茸吗？每天早8点&晚8点直播哦~ ▣ 商务合作邮箱：bd@vrp.live,"25,297"
362,纸木绢视频存放处,377899842,377899842,"25,155"
363,萨莎柯里克Official,403894805,「Lucca」事务所所属虚拟UP主/Vtuber萨莎柯里克哒！请大家多多关照~,"25,116"
364,幻梦喵Channel,400141456,老吔，您来啦！今天是点暹罗猫呢？还是金吉猫呢？还是本店的招财猫呢？咱是萌音vup幻梦喵！唔喵~！啾啾啾！m—ua！呕——,"25,039"
365,風祭Kazamatsuri,14868240,信奉万物皆可嘲的甘草糖系男人。QQ群424835751,"25,027"
366,邪神酱Channel,384230128,动画《邪神与厨二病少女》Vtuber公式频道。邪神酱(铃木爱奈)与花园百合铃(大森日雅)两人，为你随随便便呈上节目。,"24,863"
367,P-SP,454673997,"虚拟艺人团体Project SP,简称P-SP,官方联系邮箱：info@psplive.com","24,837"
368,白猫永远不打烊,5772351,只想每天都开开心心 粉丝群：641454496 联动/约歌联系QQ2109863421,"24,832"
369,清露蝾螈饲养中心,3772162,"清露郁奈指定联络邮箱kiyotsuyuikuna@gmail.com
蝾螈组审核群: 495519156","24,753"
370,富士葵中国粉丝团,7078836,粉丝群118078941 非公式・転載許可済・中国語字幕あり;搬运已授权，不盈利。,"24,482"
371,有加plus,472845978,我是VirtuaReal Project四期生，孤独传说有加plus〜ダメダメダメ〜商务合作bd@vrp.live,"24,317"
372,穿裙带菜裸奔人字幕组,15936956,爷活了 虽然不知道活到什么时候,"24,214"
373,粉黛乱子Capillaris,1780645,只是一朵无害的鲜花…吗？,"24,153"
374,二宫河也丨梦璃Official,26155426,"新人vtuber:二宫梦璃。请大家多多指教！
画师妈妈:二宫河也","24,054"
375,账号已注销,95324386,95324386,"24,003"
376,miracle竹夭,17683304,zhuyaowoming,"23,868"
377,姬咲柚流Official,493724848,"我是NoriPro所属的姬咲柚流！最喜欢画画了~ 
现在正在为虚拟画师出道准备中...！","23,782"
378,暁ちあき搬运组,1429475,(已授权)暁ちあき(Akatsuki Chiaki) 好孩子再忍耐一下哦 妈妈是@帕里_Paryi 粉丝群960876811,"23,748"
379,超V学园_慕斯Muse,474593911,来了就不可以走，否则我就把你打成三次元的空气！哼╯^╰,"23,671"
380,林檎酱ringo,54264888,微博：Ringo酱Apple qq群：590394002,"23,658"
381,Okome_VTuber官方频道,345648420,我是虚拟主播Okome(ˊᵕˋ)正在学习中文！ 请大家一定要多多关注我，支持我哦 粉丝群 628757276,"23,641"
382,白桃Channel,1516482,Virtopia所属个人势，网易云同名，不看私信，是个聪明天才。,"23,627"
383,艾玛的下仆军团,2031109,这里是已经离开了森中花咲家的魔王艾玛.奥古斯特的搬运组。粉丝群：650266747 审核群：750912269,"23,483"
384,夏色まつり工坊,418124907,"夏色祭同人企划组，""非官方""祭丝组织。发布组内同人作品以及推特翻译。创建于19年1月26日，有意请加群114774549","23,358"
385,Kiroko96_Channel,600985,"这里是喜欢act和fps的猫咪kiroko，感兴趣的话点个关注吧~–粉丝猫窝:1104583567    
PS:是公猫","23,172"
386,凉宫白樱Official,244407176,ELFrost所属，虚拟女子高中生龙娘凉宫白樱，微博：@凉宫白樱_虚拟动漫社计划，粉丝群952860084,"23,143"
387,黑桐亚里亚Official,4911722,黑猫家族的首领兼任教母的黑桐亚里亚desu！   粉丝群：1036479983    字幕组审核群：1065776777,"23,115"
388,直播中,白音雪-official,Re:AcT所属的白音雪哟。喜欢的事是玩游戏和唱歌。想被各位一直宠爱着活下去。,"23,112"
389,双月YunaLia,62359,P-SP所属，喜欢唱歌的多声线虚拟JK双子：双月ゆな(黒)和双月りあ(白)，绘师妈妈@Bison仓鼠仓,"23,102"
390,椎名菜羽Official,623441612,623441612,"23,010"
391,云家大家长水银,7568338,因为爱和热爱科普生物&化学！大家长参上!欢迎加入云家，群聊号码：717869438,"23,001"
392,琥珀-虚颜,125823832,B站最穷大小姐，AI虚拟生命琥珀虚颜！这裡是官方唯一账号哟！,"22,901"
393,直播中,Kirikosama_,來自中國香港熱愛遊戲少女一枚。目標是成為“偉大的渺小”。感謝與各位相遇。微博：Kirikosama,"22,726"
394,東雲恵Official,308751411,中国的各位！hapifuri～！我叫东云惠，今年高三。中文在一点一点的学！,"22,712"
395,东爱璃Lovely,3821157,"P-SP所属 有点笨蛋的（前）偶像最喜欢大家！
ちょっと馬鹿な元アイドル　みんなのこと大好き‼︎
fanclub：1067670003","22,413"
396,天川花乃official,482515510,天川はの官方账号！,"22,191"
397,Mendako醤Official,388693909,来自深海的问候！大家好吗？ mendako酱来啦啊啊啊！,"22,184"
398,凤玲天天Official,623441609,我是料理人女僕凤玲天天!绘师:がおう/诚徵 字幕组审核群1127612473,"22,181"
399,九鸟子起飞,12964678,◇视频多为粉丝向和个人纪念向，希望你能喜欢◇2级粉丝勋章群：566694344✧,"22,164"
400,这是亦枝YY,147471,P-SP所属  与法棍有关的谜男子！VUP的YY！SOW成员！喜欢游戏！唱歌！草！面包房：829652580,"22,134"
401,艾克斯Official,477780498,エクス・アルビオと申します!!主に夜、いろんなゲーム配信をしているのでよろしくお願いします!!,"21,951"
402,江惠惠Official,422501642,【MZ次元】很可爱，但是会咬人！一般下午两点多三点开始在，晚上随缘。打牌，钓鱼，赛鸟！单挑群：950626438 ,"21,943"
403,丝茉茉i,27564630,游戏玩家 ✨ 谢谢你们愿意留下来做我的那束光  微博:丝茉茉i,"21,829"
404,数字云糕Official,3391089,回顾、翻新、修复经典科技数码硬件与软件，发现和探索各类电子产品。仅B站和头条是官方号。没有电商店铺，其他地方看到都是假冒的！,"21,789"
405,水無瀬rui_official,390131950,这里是来自日本的个人势vtuber水無瀬るい！ 粉丝群960563538 字幕协力206452385,"21,740"
406,初音未来LStype,426170094,初音Vtuber出道？！- Crypton所属非官方Vtuber初音未来LS type官方账号 粉丝群756518321,"21,704"
407,最后的梦制作组,34782593,宝藏见收藏。制作组(X)开发组(✓)资源和工具见社团网站注：免费工具禁止商用！,"21,637"
408,黑音夜见Official,608146606,黑音夜见哒哟～！,"21,588"
409,LITA-KMNZ,397520048,这里是KMNZ的MC LITA,"21,536"
410,獅子神レオナ翻译组,390389908,已授权  不盈利搬运 请勿投食  粉丝群:684199272  工作群370336016  加工作群的请留意好友信息,"21,340"
411,轰京子Official,586880203,ちょり～っす！你好！にじさんじの轟京子です。目指せ！エナジードリンク系バーチャルライバー,"21,337"
412,结-Official,477639461,年中无休花声系女子 粉丝群:941596091 和烤肉man一起成为偶像→审核群:917224813（缺人救救孩子吧）,"21,327"
413,塔克Tako,9066351,正在播放《章鱼经节选》 ●━━━━━━─────── 11:26  ⇆ㅤ◁ㅤㅤ❚❚ㅤㅤ▷ ㅤ-Croven教团-所属,"21,291"
414,希贝尔与蕾蒂Official,430219038,<Facemoe> 两人一同为你献上最爱的那首歌❥ 粉丝群：295691607,"21,211"
415,八木迪之,480675481,VirtuaReal所属Liver，虚拟咖啡师/臭打游戏的。简单点，来杯耶加雪菲吧。,"21,169"
416,空酱Official,523866328,新人空酱仍然实习中QAQ，请多多指教！,"21,109"
417,吉妮Genie,314290795,我是吉妮、欢迎来到我的频道:D，对自己作品要求较高 ，更新较慢一些，还请多多包涵，谢谢~ 粉丝QQ群:313619192,"21,061"
418,月兔华-官方,486618657,WACTOR所属・兔耳新人VUPPER月兔华!希望可以关注，点赞，加入QQ粉丝群哟！官方粉丝群是612779837,"21,011"
419,魔魔マラ,322210278,外星图一乐行为艺术家 清楚妹系VirtuaReal link所属联动势  商务联系：bd@vrp.live,"20,884"
420,Skammy2D_Channel,87655975,出道未半而中道崩殂，技术宅，MC开发者光影作者，众多游戏mod插件作者，游戏区杂食动物主mc其他游戏也玩，不定直播，粉丝群719620181,"20,610"
421,猫猫Official,497430637,"家里蹲超级阿宅宇宙人 猫猫(maomao)
MarbleCreators所属
审核群长期招人：864631323","20,495"
422,四季侦探团活动记录,1302200,"四季豆...四季侦探团搬运组desu！
目前还是海盗噗噜噜噜噜((o(>皿<)o)) !!
","20,268"
423,nanaha_akahoshi,397047629,你好、bilibili的同志諸君！,"20,183"
424,星空monoka,501601746,出自日本的虚拟主播星空monoka(ホシゾラモノカ)官方。粉丝群：695418998  字幕組审,"20,090"
425,Rapha拉法_Official,501659587,facemoe所属 清楚的天使 嘲讽脸光速吐槽役虚拟主播,"19,982"
426,萌新喵Official,22259121,"一个什么都不会的死宅喵！
萌新喵的群：690132415
","19,956"
427,直播中,AI艾灵,一个爱唱歌的AI主播，24小时直播那种。Q群：373884858,"19,942"
428,坂上杏子-YuriTime所属,2142409,你好~我是VUP的杏子哒哟，要来我的QQ群玩哦417474269,"19,869"
429,蒼月エリ搬运组,389349320,HNST蒼月エリ汉化搬运，很高兴有过你的陪伴，生肉搬运@陽向葵的向日葵,"19,837"
430,风华channel,3608875,抱歉了风华，最后还是没能给你个好眠。我搞砸了，事实无法胜利。明明是不想烧到她才说出这些话的，却被利用了。（该账号已停用）,"19,824"
431,直播中,可可ベロス,打枪的旅人，永远的神,"19,780"
432,米蕾優channel,476676325,在日本 个人势VUP<ChaosLive·S> 绘师@tanoki苒佚 群:712698775,"19,743"
433,奶茶啓巳_Ncha-P,78779766,大家好！我是奶茶啓己。  微博@Ncha-P奶茶,"19,678"
434,エイレーン艾琳,94896660,本人です！只是来玩，并不会在这个账号发布视频哦w,"19,653"
435,VA-Luna,2186106,Pengu视频已由@一把近战都不给六花 搬运,"19,611"
436,洛清崖,373263,聊天群：666666590,"19,600"
437,超V学园_白祁Seven,474593912,Zzzz…Z……z………,"19,527"
438,直播中,木苒_Channel,"【个人势VUP】集沙雕与可爱为一体の美少女
和木苒一起恰桃子群号807719919","19,499"
439,月见_tsuki,431311100,"『世界一直在变化 ，结果由我们来决定』
魔法被窝(Q群)：763162163","19,440"
440,咕咕挞Official,3724949,一只鸽子和三个女儿的共同乐园，直播势VUP团队~,"19,408"
441,皮皮梦_official,480420159,绘梦的普通大小姐/小众自由vup/又甜又酷/哼～,"19,402"
442,天界偶像研究社,492392625,hololive四期生天音彼方非公式海盗组 粉丝群959528939,"19,290"
443,苺病くすりOfficial,521287997,"属于你的药 苺病kusuri
MarbleCreators所属 
审核群长期招新：864631323","19,124"
444,吉原凹槽,605336,穷得每天都想办法工作的不虚拟的套皮正经画师。画正经图，做正经视频。一群：637882241二群：1094373030,"19,105"
445,真是怪怪的-,16196589,奇奇怪怪der透明小唱见    微博/网易云/k狗/五婶:真是怪怪的,"19,087"
446,喀秋莎秋明Official,36690170,这里是「Lucca」事务所所属的虚拟UP主喀秋莎·秋明~请多指教！,"19,076"
447,すずにゃと白时雨,1498668,现属个人号，可自行取关与否。以后会不定期直播或投稿vtuber相关不相关视频,"19,045"
448,八乙女Noe_Official,527093412,我是Mea前辈的小弟八乙女Noe哦～！最喜欢吃东西了,"19,042"
449,沐小雪_Official,27322128,百里客栈老板娘  临清狮子猫       群：134102438 质问箱：www.popiask.cn/bili_mxx,"19,028"
450,天羽四叶Official,383079163,个人势vtuber天羽四叶官方账号，目前为止的搬运及剪辑视频已重新上传中请移步：天羽よつは搬运 粉丝群：50302788,"18,905"
451,ココ双语分离研究所,418344164,"桐生ココ非公式海盗组
欢迎加入ココ粉丝群 488360722
顺便也吃人哦 审核群：948257701","18,738"
452,水漠豆腐,7858535,个人势：贫穷的无证护士。粉丝群：764190235  有能MAN专用群：548710676,"18,686"
453,白咲べるofficial,9375210,白咲べる官方账号。字幕组长期吃人，欢迎各位有能力的大佬或是想学习的新人加入！，工作群:755712473，粉丝群:832548321,"18,654"
454,星野由乃Channel,8576944,Live2D模型师 接模型绑骨+原画定制 有意+Q:441577228,"18,649"
455,Dr宇宙治,397179100,治安！※异世界宇宙中学生 个人势※ →录播组：@治星观察站  →超次元学院 & Aien成员  →画师：下野宏铭,"18,606"
456,纸木铗Official,1827106,大家好~我是治愈系虚拟主播纸木铗（jia二声）字幕组审核群1041110701 粉丝群：1047075093,"18,606"
457,猫系少年小焱喵,13201098,这里是小焱，想要联动可以私信哦。,"18,529"
458,心伊齐露-官方,486618656,大家最喜欢的伪娘心伊齐露哟出道三天和富士葵酱一起合作过的备受期待的新人心 伊齐露！官方粉丝群是851770605,"18,478"
459,崇光夜熙,1817276,悦人先悦己,"18,408"
460,卡欧斯_Chaos,628292881,你好地球！我是VirtuaReal的新成员卡欧斯Chaos！商务合作请联系bd@vrp.live （电脑完全看不清）,"18,360"
461,野良喵noracat搬运,288793323,虚拟youtuber野良喵 鼠肉搬运。同好交流：612107520 不限期招收翻译和校对，有意向请加群 nora爱你们哟,"18,240"
462,六神花禄_Channel,25397402,LUCCA所属六神花禄，是一瓶花露水精，梦想是一夜暴富。粉丝群号：870645587 ,"18,123"
463,利维Official,595407556,にじさんじ所属レヴィ・エリファでス！ お父様は魔物 お母様は人間 の亜人だゾウ,"18,107"
464,紫纪Shiki,370687372,您好，我是VirtuaReal所属虚拟大学生紫纪Shiki。粉丝群：1060567210。商务合作邮箱：bd@vrp.live,"18,090"
465,若烨Official,418552243,我是若烨，热爱摸鱼、咕咕，没有前科，大概是个多声类。B站私信看的很少，请去群里找我哦 三群：785926950,"18,089"
466,桜川暁Official,14150553,这里是樱川晓和丰和守共有的联合频道，请大家多多关照。粉丝群：820949069,"17,958"
467,庞小莹Official,406474271,MZ次元所属vup，目标是想要变得更沙雕(｡･∀･)ﾉﾞ【已隐退】,"17,953"
468,紫桃爱音Official,442902274,"谢谢你看!!
我叫 紫桃愛音（しとうあのん）
我是东Vtuber!

欢迎收藏频道。
如果喜欢的话还请给个好评呢
今天也努力吧!","17,849"
469,秋雪琥珀Official,98000698,这里是来自日本的家里蹲狐狸 喜欢玩游戏！ 粉丝群：939629071/894748336 烤肉审核群:688986215,"17,751"
470,竹轮_视频储存处_,397723865,"是竹轮 ちくわ ，一直以来谢谢大家了

组群(啥都不缺了)","17,701"
471,佐娜Official,523922454,"各位房客记得交租～
租客交流群：822676750
MZ箱推群：651914732
【mz次元所属vup】","17,677"
472,白鹭镜Channel_银,69229475,人设BY我自己 直播间7641325 /亲妈微博@头戴胖次银Silver/P站id=銀SilveRoid,"17,674"
473,紫海由爱Official,525105971,我是Fanfun所属的紫海由爱！日语读作Shikai Yue哦~ 字幕审核群995148754粉丝群1035945124请多多关照,"17,562"
474,楠栞桜的雀庄,365308305,有授权。一切发言仅代表雀庄(即本字幕组)立场。,"17,552"
475,花芽姐妹Official,264319276,"这里是热爱FPS游戏的花芽堇和花芽薺姐妹的中国代理官方组，各位请多多指教哦 审核群:620767188 粉丝群:280039058

","17,497"
476,柚一Official,474628506,曾经来过的保安。清号，但还是留下一点做个纪念。大家的二创图文我都下载了永远收着，爱你们。再见～,"17,460"
477,布拉特结束了,31692957,这个账号已经不会再进行更新，请还要看我说故事的老板关注【布拉特-DMN】,"17,448"
478,LunaChannelルナちゃね,504473,闲聊群748601294，邮箱435610049@qq.com,"17,419"
479,尾音猫,3934727,"你们都是我的翅膀，一起加油吧！
群：485666185","17,396"
480,姬熊结璃Official,482515509,哈罗熊〜ʕ•ᴥ•ʔ Re：Act所属Vtuber、来自宇宙的姬熊结璃噢~,"17,386"
481,EricaZehnt_埃莉卡,1480838,*Soy Mana单推man* / 聊天群818833414 / 档期已满 /录播组@埃莉卡的小熊干,"17,351"
482,葉加瀬冬雪搬運組,407044808,彩虹社所属liver葉加瀬冬雪非公式搬运  不定时更新熟肉 组群：866353167（长期招人）观众交流群：874423380,"17,266"
483,魔界之莉莉姆搬运组,4092,魔界之莉莉姆的非公式搬运组（熟肉合集在频道/收藏）交流群：874044452 烤肉群：725152042,"17,264"
484,花铗镜_official,482515504,初次见面，请多关照！我是Re:AcT所属的虚拟艺人花铗镜✂️,"17,224"
485,宗谷いちか創作團,809154,非公式 非官方 無収益 主要从事二次創作 工作群：308056058 あにまーれ????海外應援團：836629287,"17,161"
486,レポ,314422248,314422248,"17,136"
487,天宫心的新人搬运组,488976342,搬运审核群493016307、粉丝群975860808、生肉→天宫心的录像机,"17,105"
488,叶毛毛_Official,920638,"❤个人势/会说粤语/爱呲牙表情包的偶像
❤不想做第一的偶像不是真正的爱抖露
❤梦想是想要很多好吃的粉丝们
❤粉丝群:864782950","17,035"
489,雪城真寻Official,586880204,こんまひ〜！にじさんじの雪城眞尋です！よろしくね！,"17,010"
490,直播中,AO凹,本职画师业余VUP请多指教~p站ID：1248744  http://weibo.com/ultramnnice,"16,945"
491,陆桃Official,431537245,<CodeEcho所属>时差流守夜冠军！,"16,856"
492,直播中,飞鸟穹和黑鸟穹LuxandNox,个人势！治愈天然呆的飞鸟穹、还有脑洞超大的Gamer黑鸟穹，用虚拟的角色带给你真实的快乐。直播视频都做，详见置顶动态。社团：星遥社,"16,845"
