順位,ネーム,チャンネルネーム,所属グループ,登録者数,再生回数
1,キズナアイ,A.I.Channel,,"2,810,000","327,465,960"
2,キズナアイ(ゲーム),A.I.Games,,"1,510,000","162,777,081"
3,輝夜月(かぐやるな),Kaguya Luna Official,VIC,"996,000","105,318,272"
4,白上フブキ,フブキCh。白上フブキ,ホロライブ,"834,000","72,900,643"
5,ミライアカリ,Mirai Akari Project,元ENTUM,"717,000","68,428,538"
6,電脳少女シロ,Siro Channel,.LIVE,"702,000","112,048,317"
7,戌神ころね,Korone Ch. 戌神ころね,ホロライブ,"702,000","36,588,217"
8,湊あくあ,Aqua Ch. 湊あくあ,ホロライブ,"656,000","23,382,741"
9,兎田ぺこら,Pekora Ch. 兎田ぺこら,ホロライブ,"637,000","31,053,430"
10,田中ヒメ 鈴木ヒナ,HIMEHINA Channel,,"604,000","117,023,943"
11,月ノ美兎,月ノ美兎,にじさんじ(1・2期生),"595,000","100,593,784"
12,桐生ココ,Coco Ch. 桐生ココ,ホロライブ,"580,000","37,989,464"
13,ホロライブ公式,hololive ホロライブ - VTuber Group,ホロライブ,"579,000","79,402,110"
14,宝鐘マリン(ほうしょうまりん),Marine Ch. 宝鐘マリン,ホロライブ,"574,000","28,235,300"
15,猫宮ひなた,ひなたチャンネル (Hinata Channel),元ENTUM,"548,000","46,651,869"
16,夏色まつり,Matsuri Channel 夏色まつり,ホロライブ,"532,000","9,712,253"
17,赤井はあと,Haato Channel 赤井はあと,ホロライブ,"525,000","31,266,694"
18,本間ひまわり,本間ひまわり - Himawari Honma -,にじさんじ(ゲーマーズ出身),"504,000","99,237,145"
19,潤羽るしあ,Rushia Ch. 潤羽るしあ,ホロライブ,"490,000","8,484,391"
20,白銀ノエル(しろがねのえる),Noel Ch. 白銀ノエル,ホロライブ,"489,000","19,716,540"
21,猫又おかゆ,Okayu Ch. 猫又おかゆ,ホロライブ,"480,000","11,952,663"
22,ヨメミ,ヨメミ -萌実- エトラ チャンネル,エイレーン一家,"458,000","59,828,151"
23,星街すいせい,Suisei Channel,ホロライブ,"455,000","21,004,384"
24,さくらみこ,Miko Ch. さくらみこ,ホロライブ,"454,000","7,240,096"
25,御伽原江良(おとぎばらえら),御伽原 江良 / Otogibara Era【にじさんじ】,にじさんじ(統合後),"450,000","47,023,192"
26,ときのそら,SoraCh. ときのそらチャンネル,ホロライブ,"438,000","19,219,063"
27,笹木咲,笹木咲 / Sasaki Saku,にじさんじ(ゲーマーズ出身),"429,000","55,767,639"
28,角巻わため(つのまきわため),Watame Ch. 角巻わため,ホロライブ,"423,000","20,882,099"
29,にじさんじ公式,にじさんじ,にじさんじ(1・2期生),"414,000","106,620,285"
30,犬山たまき,佃煮のりおちゃんねる【犬山たまき】,のりプロ,"414,000","59,077,888"
31,鈴原るる,鈴原るる【にじさんじ所属】,にじさんじ(統合後),"409,000","49,454,912"
32,葛葉,Kuzuha Channel,にじさんじ(ゲーマーズ出身),"400,000","98,841,610"
33,天音かなた(あまねかなた),Kanata Ch. 天音かなた,ホロライブ,"398,000","23,037,299"
34,夏実萌恵,Natsumi Moe - Virtual YouTuber,エイレーン一家,"392,000","35,788,854"
35,大空スバル,Subaru Ch. 大空スバル,ホロライブ,"390,000","9,712,735"
36,百鬼あやめ,Nakiri Ayame Ch. 百鬼あやめ,ホロライブ,"388,000","7,608,073"
37,花譜(かふ),花譜,神椿,"371,000","65,053,524"
38,紫咲シオン,Shion Ch. 紫咲シオン,ホロライブ,"370,000","21,311,714"
39,リゼ・ヘルエスタ,リゼ・ヘルエスタ -Lize Helesta-,にじさんじ(統合後),"369,000","48,589,821"
40,YuNi,YuNi - virtual singer -,,"354,000","78,029,566"
41,叶(かなえ),Kanae Channel,にじさんじ(ゲーマーズ出身),"353,000","102,214,030"
42,大神ミオ,Mio Channel 大神ミオ,ホロライブ,"353,000","6,683,909"
43,アンジュ・カトリーナ,アンジュ・カトリーナ - Ange Katrina -,にじさんじ(統合後),"351,000","36,592,088"
44,道明寺ここあ,ここあMusic,,"348,000","84,642,590"
45,椎名唯華,,にじさんじ(ゲーマーズ出身),"341,000","58,489,635"
46,鈴鹿詩子,鈴鹿詩子 Utako Suzuka,にじさんじ(1・2期生),"335,000","56,476,847"
47,樋口楓,樋口楓【にじさんじ所属】,にじさんじ(1・2期生),"335,000","40,479,842"
48,ロボ子さん,Roboco Ch. - ロボ子,ホロライブ,"331,000","9,636,852"
49,緑仙(リューシェン),緑仙channel,にじさんじ(SEEDs出身),"330,000","80,427,079"
50,癒月ちょこ,Choco Ch. 癒月ちょこ,ホロライブ,"326,000","2,951,328"
51,夢月ロア(ゆづきろあ),夢月ロア🌖Yuzuki Roa,にじさんじ(統合後),"322,000","29,671,791"
52,アルス・アルマル,アルス・アルマル -ars almal- 【にじさんじ】,にじさんじ(統合後),"321,000","38,152,738"
53,Nimu,,,"319,000","18,421,447"
54,ゲーム部プロジェクト,ゲーム部プロジェクト,Brave group,"312,000","167,113,521"
55,社築(やしろ きずく),社築,にじさんじ(SEEDs出身),"311,000","42,307,238"
56,Melody,Projekt Melody,,"311,000","5,739,873"
57,戌亥とこ(いぬいとこ),戌亥とこ-Inui Toko-【にじさんじ】,にじさんじ(統合後),"310,000","27,601,136"
58,周防パトラ,Patra Channel / 周防パトラ 【ハニスト】,ハニーストラップ,"307,000","65,500,895"
59,勇気ちひろ,勇気ちひろ,にじさんじ(1・2期生),"296,000","41,050,380"
60,静凛,Shizuka Rin Official,にじさんじ(1・2期生),"295,000","41,920,460"
61,ガッチマンV,,,"289,000","13,305,011"
62,しぐれうい,,,"286,000","9,901,618"
63,富士葵(ふじあおい),Aoi ch.,,"281,000","66,733,059"
64,天神子兎音(てんじんことね),天神 子兎音 Tenjin Kotone,,"276,000","54,252,796"
65,竜胆尊(りんどうみこと),竜胆 尊 / Rindou Mikoto,にじさんじ(SEEDs出身),"276,000","19,319,452"
66,星川サラ,星川サラ / Sara Hoshikawa,にじさんじ(統合後),"275,000","21,238,207"
67,シフィ(シフィ―ル・エシラー),シフィ - Sifir Esirer -,エイレーン一家,"273,000","60,104,447"
68,姫森ルーナ,Luna Ch. 姫森ルーナ,ホロライブ,"273,000","7,564,447"
69,不知火フレア,Flare Ch. 不知火フレア,ホロライブ,"273,000","7,374,372"
70,渋谷ハル,渋谷ハル,upd8,"271,000","73,977,763"
71,獅白ぼたん,Botan Ch.獅白ぼたん,ホロライブ,"269,000","4,990,255"
72,加賀美ハヤト,加賀美 ハヤト/Hayato Kagami,にじさんじ(統合後),"263,000","34,872,970"
73,シスター・クレア,シスター・クレア -SisterClaire-,にじさんじ(SEEDs出身),"263,000","28,066,102"
74,Andi Adinata,Andi Adinata Channel,,"261,000","18,123,849"
75,ハロー キティ,HELLO KITTY / ハローキティ【Sanrio Official】,サンリオ,"260,000","24,365,270"
76,郡道美玲(ぐんどうみれい),【3年0組】郡道美玲の教室,にじさんじ(統合後),"259,000","30,402,584"
77,ベルモンド・バンデラス,,にじさんじ(SEEDs出身),"259,000","28,193,412"
78,でびでび・でびる,でびでび・でびる,にじさんじ(SEEDs出身),"255,000","25,122,720"
79,アキ・ローゼンタール,アキロゼCh。Vtuber/ホロライブ所属,ホロライブ,"255,000","5,080,089"
80,マヤ・プトゥリ,Maya Putri,,"252,000","12,787,887"
81,キミノ ミヤ(MIYA KIMINO),Japanese HANJO! TV,upd8,"252,000","6,240,135"
82,夜空メル,Mel Channel 夜空メルチャンネル,ホロライブ,"252,000","2,462,172"
83,バーチャルおばあちゃん(VB),バーチャルおばあちゃんねる,,"251,000","63,643,755"
84,花鋏キョウ,花鋏キョウ/キョウちゃんねる,Re:AcT,"250,000","34,784,621"
85,鷹宮リオン,鷹宮リオン,にじさんじ(SEEDs出身),"249,000","34,473,845"
86,常闇トワ(とこやみとわ),Towa Ch. 常闇トワ,ホロライブ,"248,000","8,917,245"
87,おめがレイ おめがリオ,おめがシスターズ [Ω Sisters],upd8,"247,000","63,432,108"
88,鹿乃チャンネルofficial,,,"241,000","29,953,568"
89,雪花ラミィ,Lamy Ch. 雪花ラミィ,ホロライブ,"240,000","4,533,682"
90,舞元啓介,,にじさんじ(SEEDs出身),"239,000","36,391,038"
91,黛灰(まゆずみかい),黛 灰 / Kai Mayuzumi【にじさんじ】,にじさんじ(統合後),"238,000","33,024,763"
92,織田信姫,,,"238,000","31,615,576"
93,杏仁ミル,,YahooTV,"234,000","10,749,533"
94,尾丸ポルカ,Polka Ch. 尾丸ポルカ,ホロライブ,"233,000","5,954,268"
95,夜見れな(よるみれな),夜見れな/yorumi rena【にじさんじ所属】,にじさんじ(統合後),"230,000","29,262,669"
96,Aisha Channel,,,"223,000","12,424,224"
97,健屋花那(すこやかな),健屋花那【にじさんじ】KanaSukoya,にじさんじ(統合後),"220,000","15,079,324"
98,APOKI TV,,,"219,000","13,519,142"
99,ドーラ,,にじさんじ(SEEDs出身),"218,000","19,661,376"
100,エクス・アルビオ,エクス・アルビオ -Ex Albio-,にじさんじ(統合後),"217,000","32,802,686"
101,花畑チャイカ,花畑チャイカ,にじさんじ(SEEDs出身),"212,000","27,098,549"
102,ジョー・力一(じょーりきいち),ジョー・力一 Joe Rikiichi,にじさんじ(SEEDs出身),"212,000","22,097,947"
103,名取さな,さなちゃんねる,,"212,000","16,134,371"
104,神楽めあ,神楽めあ / KaguraMea,ぱりぷろ,"206,000","11,592,308"
105,剣持刀也,剣持刀也,にじさんじ(1・2期生),"202,000","31,019,279"
106,物述有栖,♥️♠️物述有栖♦️♣️,にじさんじ(1・2期生),"202,000","15,287,634"
107,童田明治(わらべだめいじー),童田明治-わらべだめいじー-,にじさんじ(統合後),"201,000","18,120,605"
108,因幡はねる,Haneru Channel / 因幡はねる 【あにまーれ】,あにまーれ,"200,000","35,360,585"
109,アズマリム(アズリム),Azuma Lim Channel -アズマ リム-,,"196,000","11,193,846"
110,クレア,クレア英会話,Brave group,"193,000","6,557,447"
111,夢追翔,夢追翔のJUKE BOX,にじさんじ(SEEDs出身),"192,000","28,519,881"
112,ピンキーポップヘップバーン,Pinky Pop Hepburn Official,VIC,"192,000","9,246,298"
113,馬犬,BKNChannel,転生組,"192,000","2,424,316"
114,懲役太郎,懲役太郎チャンネル,upd8,"190,000","35,531,876"
115,ニュイ・ソシエール,ニュイ・ソシエール //[Nui Sociere],にじさんじ(統合後),"190,000","23,758,524"
116,三枝明那(さえぐさあきな),三枝明那 / Akina Saegusa,にじさんじ(統合後),"190,000","18,750,015"
117,鳩羽つぐ,鳩羽つぐ,,"189,000","9,222,144"
118,獅子神レオナ,獅子神レオナ/レオナちゃんねる,Re:AcT,"188,000","38,430,807"
119,バーチャル番組連盟,バーチャル番組チャンネル,,"187,000","14,393,835"
120,AZKi,AZKi Channel,ホロライブ,"184,000","8,792,697"
121,ヤミクモケリン,ケリン,upd8,"182,000","24,200,569"
122,桃鈴ねね,Nene Ch.桃鈴ねね,ホロライブ,"181,000","3,252,404"
123,楠栞桜(くすのきしお),楠栞桜 / Kusunoki Sio,,"179,000","12,998,391"
124,クマーバチャンネル,,,"176,000","174,542,229"
125,森中花咲,森中花咲,にじさんじ(1・2期生),"175,000","24,280,547"
126,文野環,文野環【にじさんじの野良猫】ふみのたまき,にじさんじ(1・2期生),"174,000","11,389,673"
127,柚木玲奈,Reina Official,えもえち,"172,000","15,502,817"
128,葉加瀬冬雪(はかせふゆき),葉加瀬 冬雪 / Hakase Fuyuki,にじさんじ(統合後),"164,000","16,085,662"
129,フレン・E・ルスタリオ,,にじさんじ(統合後),"164,000","10,414,387"
130,天開司,バーチャル債務者youtuber天開司,,"163,000","27,562,682"
133,由宇霧,由宇霧ちゃんねる【しくじり性教育】,upd8,"162,000","21,064,735"
134,イブラヒム,イブラヒム【にじさんじ】,にじさんじ(統合後),"161,000","19,142,604"
135,魔乃アロエ,Aloe Ch.魔乃アロエ,,"161,000","1,655,049"
136,バーバパパ,,,"160,000","24,689,247"
137,メリッサ・キンレンカ,,にじさんじ(統合後),"160,000","18,474,677"
138,天宮こころ,天宮 こころ / Kokoro Amamiya 【にじさんじ所属】,にじさんじ(統合後),"160,000","11,826,342"
139,ラトナ・プティ,ラトナ・プティ -Ratna Petit -にじさんじ所属,にじさんじ(統合後),"159,000","16,007,504"
140,不破湊(ふわみなと),不破 湊 / Fuwa Minato【にじさんじ】,にじさんじ(統合後),"155,000","19,720,967"
141,エルフのえる,エルフのえる / にじさんじ所属,にじさんじ(1・2期生),"155,000","13,573,811"
142,海堂飛鳥・苺谷星空,バーチャルジャニーズプロジェクト公式,,"154,000","12,110,467"
143,久遠千歳,Kudou_chitose / 久遠千歳,,"154,000","7,472,429"
144,かぐらなな,かぐらなな / ななかぐ辛党Ch,,"154,000","4,502,475"
145,燦鳥ノム(さんとりのむ),燦鳥ノム - SUNTORY NOMU -,,"152,000","24,975,106"
146,桜凛月,,にじさんじ(SEEDs出身),"152,000","14,183,485"
147,イヴ・ヴァルレーヌ,EvE channel,,"152,000","8,565,990"
148,もこ田めめめ,もこめめ*channel,.LIVE,"151,000","14,361,486"
149,Ami Yamato(海外),Ami Yamato,,"150,000","8,167,187"
150,シェリン・バーガンディ,シェリン・バーガンディ -Shellin Burgundy- 【にじさんじ】,にじさんじ(統合後),"146,000","12,109,610"
151,魔界ノりりむ,,にじさんじ(ゲーマーズ出身),"145,000","12,896,671"
152,相羽ういは,相羽ういは〖Aiba Uiha〗にじさんじ所属,にじさんじ(統合後),"143,000","13,178,687"
153,甲賀流忍者 ぽんぽこ,ぽんぽこちゃんねる,,"142,000","39,853,117"
154,ぐでたま,GUDETAMA / ぐでたま【Sanrio Official】,サンリオ,"141,000","57,081,283"
155,天野ピカミィ. Pikamee,,VOMS,"141,000","4,012,007"
156,松村上久郎,,転生組,"140,000","11,314,445"
157,田中好男,田中のおっさん,,"140,000","4,897,675"
158,夕陽リリ,Yuhi Riri Official,にじさんじ(1・2期生),"137,000","12,528,843"
159,町田ちま,町田ちま【にじさんじ】,にじさんじ(SEEDs出身),"136,000","11,474,095"
160,すももチャンネル,,,"135,000","33,418,458"
161,歌衣メイカ,メイカちゃんねる,upd8,"135,000","16,666,908"
162,白雪巴(しらゆきともえ),白雪 巴/Shirayuki Tomoe【にじさんじ】,にじさんじ(統合後),"135,000","9,561,123"
163,ハナ・マキア,Hana Macchia Ch.【NIJISANJI id】,NIJISANJI ID,"134,000","5,036,950"
164,宇志海いちご,宇志海いちご,にじさんじ(1・2期生),"133,000","8,670,837"
165,音霊魂子 水菜月夏希 石狩あかり,あおぎり高校,あおぎり高校,"132,000","23,756,533"
166,えま★おうがすと,,にじさんじ(統合後),"132,000","5,401,045"
167,卯月コウ,卯月コウ,にじさんじ(SEEDs出身),"131,000","16,780,844"
168,レヴィ・エリファ,レヴィ・エリファ-Levi Elipha-,にじさんじ(統合後),"131,000","12,577,396"
169,神田笑一,【にじさんじ】神田笑一,にじさんじ(SEEDs出身),"130,000","15,213,186"
170,家長むぎ,家長むぎ【にじさんじ所属】,にじさんじ(1・2期生),"130,000","3,973,644"
171,高生紳士,,VEEMusic,"128,000","33,026,948"
172,波羅ノ鬼,,,"127,000","12,492,082"
173,ましろ,ましろ / Mashiro,にじさんじ(統合後),"127,000","8,796,956"
174,西園寺メアリ,Mary Channel / 西園寺メアリ【ハニスト】,ハニーストラップ,"126,000","15,130,253"
175,Vei - TWITCH,,,"126,000","4,002,807"
176,クロノワール(叶 葛葉),ChroNoiR,にじさんじ(ゲーマーズ出身),"125,000","5,861,658"
177,超人女子戦士 ガリベンガーV(テレビ朝日),超人女子戦士 ガリベンガーV,.LIVE,"124,000","25,750,427"
178,柚木凛,ゆずきチャンネル,えもえち,"124,000","14,392,336"
179,癒月ちょこ(サブチャンネル),Choco subCh. 癒月ちょこ,ホロライブ,"124,000","1,081,226"
180,黒井しば,黒井しば【にじさんじの犬】,にじさんじ(SEEDs出身),"122,000","9,519,457"
181,かしこまり,Mari Channel,upd8,"121,000","19,829,956"
182,愛園愛美(あいぞのまなみ),愛園 愛美/Aizono Manami,にじさんじ(統合後),"120,000","5,806,196"
183,餅月ひまり,ひまりソング,,"118,000","8,740,000"
184,風見唯花,YUIKA'S ROOM,Brave group,"118,000","5,922,581"
185,アユンダ・リス,Ayunda Risu Ch. hololive-ID,ホロライブ,"118,000","3,047,918"
186,葉山舞鈴,葉山舞鈴 / Hayama Marin【にじさんじ所属】,にじさんじ(統合後),"117,000","13,470,026"
187,雨森小夜,,にじさんじ(SEEDs出身),"117,000","8,326,847"
188,はかりかんな,-かんなチャンネル-Kanna Channel,フェレット女学院,"117,000","7,179,061"
189,Alia Adelia Ch.,,,"116,000","4,590,680"
190,流石乃ルキ 流石乃ロキ,ルキロキチャンネル - Ruki Roki Channel -,,"113,000","13,467,972"
191,スマサポチャンネル,,,"113,000","11,868,266"
192,YuChan Channel,,,"113,000","3,037,511"
193,浅井ラム,浅井ラム映画レビュー【知的風ハット】,,"112,000","19,396,637"
194,早瀬走(はやせそう),早瀬 走 / Hayase Sou【にじさんじ所属】,にじさんじ(統合後),"112,000","7,689,170"
195,エリー・コニファー,エリー・コニファー / Eli Conifer【にじさんじ】,にじさんじ(統合後),"112,000","5,488,777"
196,ふぇありす,Fairys Channel,バ美肉,"111,000","13,238,355"
197,北上双葉,北上双葉,.LIVE,"111,000","9,086,202"
198,SALLA.R,,,"110,000","8,637,670"
199,kson ONAIR,,,"109,000","4,960,857"
200,夜桜たま,夜桜たま,,"108,000","11,666,688"
201,フミ,フミ/にじさんじ,にじさんじ(統合後),"108,000","8,397,456"
202,モイラ,《にじさんじ所属の女神》モイラ,にじさんじ(1・2期生),"108,000","7,031,423"
203,奈羅花(ならか),奈羅花 - Naraka -,にじさんじ(統合後),"108,000","4,876,832"
204,ともえとエルゼのほんわかASMR,,,"107,000","29,570,103"
205,ルイス・キャミー,,にじさんじ(統合後),"107,000","5,550,058"
206,金魚坂めいろ,,にじさんじ(統合後),"107,000","2,991,542"
207,朝ノ姉妹ぷろじぇくと,,,"106,000","11,607,940"
208,魔使マオ(まつかいまお),魔使マオ -matsukai mao-,にじさんじ(統合後),"106,000","6,953,166"
209,ばあちゃる,【世界初?!】男性バーチャルYouTuber ばあちゃる,.LIVE,"106,000","6,882,180"
210,赤羽葉子,Akabane Channel,にじさんじ(ゲーマーズ出身),"106,000","3,992,576"
211,ディープウェブ・アンダーグラウンド(DWU),DeepWebUnderground,,"105,000","6,073,503"
212,渋谷ハジメ,渋谷ハジメのはじめ支部,にじさんじ(1・2期生),"104,000","15,315,853"
213,金剛いろは,,.LIVE,"104,000","8,135,577"
214,クリムゾンチャンネル Official,,,"102,000","4,691,621"
215,星乃めあ,星乃めあ - virtual singer -,夢見坂学院,"101,000","13,631,247"
216,白雪みしろ,白雪みしろShirayuki Mishiro,のりプロ,"101,000","4,274,981"
217,一ノ瀬うるは,,ぶいすぽっ!,"100,000","7,140,140"
218,ディープブリザード(深雪),ディープブリザード,,"100,000","5,204,590"
219,Project A.I.D,Project A.I.D 公式チャンネル,,"98,800","5,312,070"
220,赤月ゆに,UNIchannel,,"98,700","5,986,197"
221,理芽(りめ),理芽,神椿,"98,200","14,727,993"
222,れいきら!,,,"98,000","3,336,848"
223,八重沢なとり,八重沢なとり,.LIVE,"97,100","12,355,628"
224,ピーナッツくん,ピーナッツくん!オシャレになりたい!,,"96,900","19,294,849"
225,小野町春香,小野町春香-OnomachiHaruka-にじさんじ,にじさんじ(統合後),"96,200","6,316,514"
226,雪城眞尋(ゆきしろ まひろ),雪城眞尋/Yukishiro Mahiro【にじさんじ所属】,にじさんじ(統合後),"95,700","3,695,733"
227,アンジョー コーサカ,MonsterZ MATE,Balus,"95,200","23,872,502"
228,白百合リリィ,しらゆりヘブンちゃんねる,ViViD,"93,900","4,715,874"
229,花京院ちえり,花京院ちえり,.LIVE,"93,200","13,714,414"
230,鈴木勝,Re‡D.E.放送局【鈴木勝/にじさんじ】,にじさんじ(SEEDs出身),"93,000","8,126,343"
231,伏見ガク,伏見ガク【にじさんじ所属】,にじさんじ(1・2期生),"92,900","2,757,907"
232,鹿乃,鹿乃 / Kano,花寄女子寮,"92,100","3,188,449"
233,出雲霞,《IzumoKasumi》Project channel【にじさんじ】,にじさんじ(SEEDs出身),"90,800","6,760,337"
234,ムーナ・ホシノヴァ,Moona Hoshinova hololive-ID,ホロライブ,"90,700","2,269,193"
235,鈴谷アキ,鈴谷アキの陽だまりの庭,にじさんじ(1・2期生),"90,400","4,151,658"
236,兎鞠まり,Tomari Mari channel / 兎鞠まりちゃんねる,upd8,"90,100","5,274,492"
237,keiichi arawi,,,"89,900","2,231,515"
238,斗和キセキ,,,"88,600","2,808,101"
239,焼まゆるのお絵かきちゃんねる,,,"88,300","4,907,077"
240,鳴神裁(なるかみ さばき),Narukami Sabaki Official,,"87,900","17,668,391"
241,ウェザーロイドAiri,ウェザーロイド Airi（ポン子）,,"87,500","8,446,152"
242,リズ,KMNZ LIZ,WFLE,"87,400","8,579,206"
243,放課後ゲーム部,,Brave group,"86,100","3,494,787"
244,神楽すず,,.LIVE,"85,400","13,708,954"
245,グウェル・オス・ガール,グウェル・オス・ガール / Gwelu Os Gar 【にじさんじ】,にじさんじ(統合後),"85,100","8,921,036"
246,空星きらめ,空星きらめ/Sorahoshi Kirame【にじさんじ】,にじさんじ(統合後),"85,000","1,167,011"
247,アイラニ・イオフィフティーン,Airani Iofifteen Channel hololive-ID,ホロライブ,"84,000","2,100,223"
248,甲斐田晴(かいだはる),甲斐田晴,にじさんじ(統合後),"83,900","5,190,207"
249,ヤマト・イオリ,ヤマト イオリ,.LIVE,"83,700","7,593,263"
250,ふくやマスター,マスター TV,upd8,"83,600","2,162,150"
251,シャンデリ【Claw Machine Japan】,,,"83,200","28,480,020"
252,Iron Mouse,,,"83,000","830,439"
253,ぽてち,PJ.ぽてち,,"82,900","3,464,115"
254,のらきゃっと,のらきゃっとチャンネル,upd8,"82,100","3,809,902"
255,Juno,,,"81,400","2,045,827"
256,somunia,somunia room,,"81,300","6,163,636"
257,西園チグサ,西園チグサ / Nishizono Chigusa,にじさんじ(統合後),"81,100","1,800,544"
258,ざき《役満Vtuber》,,,"80,800","15,982,837"
259,リタ,KMNZ LITA,WFLE,"80,200","8,151,457"
260,吟醸姉妹,吟醸姉妹/Ginjo Shimai,,"80,000","2,889,976"
261,飛鳥ひな,飛鳥ひな【にじさんじ所属】,にじさんじ(SEEDs出身),"79,600","3,011,190"
262,カルロ・ピノ,カルロ・ピノ,.LIVE,"79,400","9,487,920"
263,山神カルタ,山神 カルタ,にじさんじ(統合後),"79,400","4,440,307"
264,まこと。2nd channel,,,"79,200","695,280"
265,瀬戸美夜子,瀬戸 美夜子 - Miyako Seto,にじさんじ(統合後),"78,900","3,927,170"
266,マガジヨミ,週刊少年マガジン,転生組,"78,500","31,991,405"
267,花香琴音レーサーVtuber,,,"78,100","10,464,706"
268,猫乃木もち,,,"77,600","4,516,923"
269,バーチャルゴリラ,,VEEMusic,"77,300","6,253,892"
270,ハッカドール,Hacka Channel ハッカドール,,"76,000","3,015,760"
271,ユメノシオリ,ユメノシオリ ASMR火曜の女,ぱりぷろ,"75,700","6,441,535"
272,音霊魂子,たまこ。Ch./あおぎり高校,あおぎり高校,"75,400","5,305,768"
273,チョイ(海外),초이 CHOY,,"75,200","12,314,589"
274,長尾景,長尾景 Kei Nagao,にじさんじ(統合後),"74,400","4,617,108"
275,LStypeMiku,LStypeMiku Vtuber Channel,,"74,300","4,441,569"
276,藤崎由愛(YUA),YUA/藤崎由愛,,"74,200","4,253,161"
277,遠北千南(あちきたちなみ),遠北千南 / Achikita Chinami 【にじさんじ】,,"73,500","2,120,689"
278,芦澤サキ(あしざわさき),芦澤サキ / SAKI ASHIZAWA,Brave group,"73,300","5,287,437"
279,雪汝(セツナ),雪汝*setsuna channel,,"73,200","4,091,401"
280,マグロナ,まぐろなちゃんねる,upd8,"73,200","3,987,593"
281,メリーミルク,メリーミルクの森,.LIVE,"73,100","3,420,550"
282,Rin Asobi,,,"73,100","1,879,884"
283,轟京子,轟 京子,にじさんじ(SEEDs出身),"72,600","3,445,480"
284,カナメとハルキー,,,"71,900","7,327,155"
285,日ノ隈らん,Ran Channel / 日ノ隈らん 【あにまーれ】,あにまーれ,"71,900","6,047,084"
286,鈴代ここねと 鈴代つきね(ココツキ),ココツキCocoTsuki Project,upd8,"71,900","5,292,735"
287,赤井はあと(サブチャンネル),Akai Haato Sub 赤井はあと,ホロライブ,"71,900","97,992"
288,杏戸ゆげ,Uge Channel / 杏戸ゆげ 【ブイアパ】,ブイアパ,"70,600","5,594,564"
289,少年あしたくん,,,"70,600","4,139,900"
290,春猿火,,神椿,"70,400","7,792,856"
291,ヤッターマン2号カミナリアイ ボヤッキー,Yatterman Channel/ヤッターマンチャンネル,,"70,400","4,511,475"
292,黒咲りん,黒咲りんRin Kurosaki,,"70,000","2,146,138"
293,でびっち でびでび・でびる(旧),でび縺」縺。縺ッ豁サ縺ォ縺セ縺励,にじさんじ(SEEDs出身),"69,900","2,703,163"
294,闇夜乃モルル,闇夜乃モルル / Moruru Yamiyono,,"69,220",0
295,宇森ひなこ,Hinako Channel / 宇森ひなこ 【あにまーれ】,,"68,700","1,839,574"
296,ぽちまる/ぽち小屋。ちゃんねる,,バ美肉,"68,300","1,977,881"
297,音羽ララ 春歌みこと,ウタゴエ放送部プロジェクト,upd8,"68,200","8,872,357"
298,道明寺ここあ,COCOA CHANNEL,Brave group,"68,000","4,542,908"
299,銀河アリス,銀河アリスの地球侵略ch.,Balus,"67,600","8,375,414"
300,.LIVE公式,どっとライブ,.LIVE,"67,300","6,270,139"
301,もちひよこ,もちひよこ,もちぷろ,"67,300","5,351,858"
302,堰代ミコ(せきしろミコ),Mico Channel / 堰代ミコ【ハニスト】,ハニーストラップ,"67,300","4,999,623"
303,ギルザレンIII世,Gilzaren III Season 2,にじさんじ(1・2期生),"66,000","1,661,319"
304,Emoco Ch. / えもこ,,,"65,800","6,053,766"
305,柚木チャンネル(ライブ),柚木チャンネル ♡生放送専用♡,えもえち,"65,600","3,896,855"
306,セア(海外),세아 스토리,,"65,500","5,916,497"
307,木曽あずき,,.LIVE,"65,300","1,969,052"
308,宗谷いちか,Ichika Channel / 宗谷 いちか 【あにまーれ】,あにまーれ,"65,200","4,966,857"
309,鴨見カモミ,CAMOMI Camomi Channel 【鴨見カモミ】,,"65,000","3,870,484"
310,アキ・ローゼンタール(サブチャンネル),AkiRose Ch.アキ・ローゼンタールSub,ホロライブ,"64,600","56,614"
311,まんさや,,転生組,"64,300","4,023,540"
312,愛宮みるく,愛宮みるくMilk Enomiya,のりプロ,"64,200","1,267,097"
313,弦月藤士郎,弦月 藤士郎 / Genzuki Tojiro【にじさんじ】,にじさんじ(統合後),"63,600","3,569,962"
314,冒志乃らむ,Okashino Ram 冒志乃らむ,ぶいめん,"63,400","1,252,073"
315,天翔院ひいな,ひいなちゃんねる,PinkPunkPro,"63,300","2,501,871"
316,白真くま,Shiroma Kuma 白真くま,ぶいめん,"63,200","1,006,213"
317,藤間桜,藤間桜【22/7公式】,22/7,"63,000","6,665,042"
318,みあたみちゃんねる,みあたみちゃんねるmiatamiChannel,,"62,600","2,848,866"
319,神成きゅぴ_武装彼女,,武装彼女,"62,600","1,422,540"
320,来栖夏芽(くるすなつめ),来栖 夏芽-kurusu natsume-【にじさんじ】,にじさんじ(統合後),"62,400","2,332,227"
321,蒼月エリ,Eli Channel / 蒼月エリ【ハニスト】,,"62,243",0
322,エイレーン,エイレーン 改 （Eilene Channel),エイレーン一家,"62,100",0
323,邪神ちゃんねる,,,"61,900","10,468,899"
324,にじさんじ公式切り抜きチャンネル【NIJISANJI Official Best Moments】,,にじさんじ(1・2期生),"61,900","2,845,104"
325,アメノセイ,アメノセイ-AMENOSEI,,"61,800","4,770,847"
326,YadiDoll zaotome(海外),YadiDoll zaotome,,"61,500","5,010,924"
327,島村シャルロット,Charlotte Channel / 島村シャルロット【ハニスト】,ハニーストラップ,"61,300","5,097,003"
328,すーぱーそに子,すーぱーそに子ちゃんねる,WFLE,"61,300","2,593,418"
329,乾伸一郎,乾ちゃんねる,VEEMusic,"61,300","2,139,846"
330,矢車りね,矢車りね - Rine Yaguruma -,にじさんじ(SEEDs出身),"61,000","1,375,956"
331,北小路ヒスイ,北小路ヒスイ / Kitakoji Hisui 【にじさんじ】,にじさんじ(統合後),"60,700","1,406,549"
332,牛巻りこ,牛巻 りこ,.LIVE,"60,400","1,565,462"
333,ARu子,,,"60,100","4,959,298"
334,ビートまりお / COOL&CREATE,,転生組,"60,000","4,287,982"
335,日雇礼子,日雇礼子のドヤ街暮らしチャンネル,,"59,400","5,859,132"
336,すあだちゃんねる,,転生組,"59,200","10,025,898"
337,Planya Сhannel,,,"59,000","2,093,160"
338,直感×アルゴリズム♪,Live Animation Heart x Algorhythm,,"58,600","5,554,965"
339,天川アルト,Amakawa Alto 天川アルト,ぶいめん,"58,200","1,371,872"
340,メイドのユキさん,メイドのユキさん 調教少女,,"57,400","7,160,376"
341,鈴谷アキ(旧チャンネル),アキくんちゃんネル,にじさんじ(1・2期生),"57,300","3,105,163"
342,Popo Kids「ポポキッズ」,,転生組,"57,100","30,921,330"
343,大河ユウ,Taiga Yu 大河ユウ,ぶいめん,"57,000","799,087"
344,ちくわ,ちくわちゃんねる,,"56,700","3,346,458"
345,陽向葵ゅか,,,"56,600","4,660,185"
346,夕闇ルキア,Yuyami Lukia 夕闇ルキア,ぶいめん,"56,300","878,377"
347,先端恐怖症 / Sentan,,転生組,"56,200","16,205,240"
348,安土桃,安土桃,にじさんじ(SEEDs出身),"56,100","1,119,893"
349,眠未ねる,Nemumi Neru 眠未ねる,ぶいめん,"55,600","743,788"
350,ゆらんchannel,,,"55,500","25,117,289"
351,伊東ライフ,,,"55,400","1,494,487"
352,SLAVE V-V-R,,,"55,300","11,568,397"
353,今酒ハクノ,Hakuno Imasaka,,"55,300","8,036,269"
354,型落おねーさん,型落チャンネル,,"54,800","6,497,727"
355,律可,Rikka ch.律可,ホロスターズ,"54,600","2,072,915"
356,瀬兎一也/SetoKazuya,,あふたーしーくれっと,"54,400","5,208,919"
357,THE BINARY mido & あかまる,,,"54,100","5,170,913"
358,【おきなわ部】根間うい,,,"54,100","3,737,921"
359,周央サンゴ,周央 サンゴ / Suo Sango【にじさんじ】,にじさんじ(統合後),"54,000","827,605"
360,緋笠トモシカ,緋笠トモシカ - Tomoshika Hikasa -,VOMS,"53,800","1,755,786"
361,三崎のなか,,,"53,000","2,794,994"
362,地球ちゃん(海外),Земля Чан,,"53,000","1,441,242"
363,みなかぜアメ,Ame Channel -みなかぜアメ-,あいすらぼ,"52,900","4,230,580"
364,響木アオ,響木アオ-HibikiAo-,upd8,"52,900","4,035,598"
365,祭 雛子/まつり ひなこ,,,"51,900","6,049,450"
366,虹河ラキ,Laki Station ラキステーション,upd8,"51,500","3,233,195"
367,磁富モノエ,,VOMS,"51,300","1,555,935"
368,バチュアルモンスター(海外),버츄얼몬스터,,"51,100","8,335,900"
369,まどろみもあ,More Channel-まどろみもあ-,あいすらぼ,"50,700","3,600,133"
370,Lumi Celestia,Lumi Celestia Ch.,,"50,700","679,491"
371,ヰ世界情緒(いせかいじょうちょ),ヰ世界情緒,神椿,"50,500","4,561,136"
372,MikuRu-0 Project,,,"50,200","1,233,814"
373,放課後ミッドナイターズ,【公式】放課後ミッドナイターズチャンネル,,"49,800","4,168,180"
374,しきぶTV,,,"49,500","12,440,386"
375,夜の雑学 金美館通りの藤村さん,,,"49,400","11,986,589"
376,ンヌグム,ォ逅,,"49,300","5,700,924"
377,Darin V,,,"49,200","1,330,907"
378,ゴールドシップ(ゴルシ),ぱかチューブっ!,,"47,500","4,217,394"
379,語部紡(かたりべつむぐ),語部紡,にじさんじ(統合後),"47,100","470,298"
380,千羽黒乃,,,"46,200","1,821,660"
381,春崎エアル,春崎エアル,にじさんじ(SEEDs出身),"45,900","1,197,254"
382,なちょこ,NACHOCO Channel,WFLE,"45,600","2,191,198"
383,鳳玲天々(ホウレイ・テンテン),Tenten Ch. / 鳳玲天々【めるぷら】,,"45,600","1,692,723"
384,高槻りつ,高槻りつ / Takatsuki ritsu,ぱりぷろ,"45,500","1,600,558"
385,TOKYO WAVE!,,,"45,300","4,645,129"
386,射貫まとい,射貫まといちゃんねる,Re:AcT,"45,300","4,484,574"
387,音俣るか,RUKA Ch. - 音俣るか -,,"45,100","280,495"
388,風見くく,Kuku Channel / 風見くく 【あにまーれ】,あにまーれ,"45,000","1,289,363"
389,KOGEINU2525,,,"44,300","354,662"
390,コゲ犬の犬小屋,,,"44,300","354,662"
391,浅瀬ゆうぎ,OL CHANNEL,,"44,200","5,154,077"
392,名伽尾アズマ(なかお あずま),名伽尾アズマ☀️,,"44,200",0
393,りんくろー,りんくろー事務所,WFLE,"43,900","1,932,104"
394,柚木玲奈(ライブ),Reina Official Live,えもえち,"43,900","980,406"
395,奏天まひろ 燈舞りん 音葉なほ 鈴鳴すばる,まりなすチャンネル【仮】,,"43,500","5,775,375"
396,皆守ひいろ,皆守ひいろ/ Hero Minamori,元ENTUM,"43,500","1,550,194"
397,届木ウカ,届木ウカ/Todoki Uka Channel,元ENTUM,"43,200","2,247,827"
398,花芽すみれ,すーちゃんねる,ぶいすぽっ!,"42,900","2,542,719"
399,キャサリン・ワード,殺戮の天使公式チャンネル,,"42,900","1,798,613"
400,成瀬鳴,成瀬 鳴,にじさんじ(SEEDs出身),"42,800","1,684,621"
401,月下カオル(つきしたかおる),Kaoru Ch.月下カオル,,"42,100","1,208,280"
402,乾物ひもの(かんぶつひもの),ひものちゃんねる -HIMONO CHANNEL-,,"42,000","2,276,490"
403,くるみ,くるみ!,,"41,700","2,358,761"
404,ヤマダ,プロジェクト東京ドールズチャンネル,,"41,700","2,332,007"
405,キミノハナマル【公式】channel,,,"41,600","17,171,067"
406,市松人形Vtuber市松寿ゞ謡,,,"41,400","5,873,437"
407,朝日南アカネ,朝日南アカネ / Asahina Akane 【にじさんじ】,にじさんじ(統合後),"41,300","833,880"
408,ヒヅキミウ,ヒヅキミウ/MIU CHANNEL,WACTOR,"40,900","1,819,003"
409,野外料理製作/CAMPPER'S HORIZON,,,"40,500","11,067,386"
410,柊彩香 朝倉日向,あやひなチャンネル,Brave group,"40,500","2,809,695"
411,セフィラ・スゥ,,,"40,500","1,469,010"
412,スライム子,オバマス放送局 / オーバーロード,,"40,400","2,386,347"
413,東雲めぐ,MeguRoom,Gugenka,"40,200","749,848"
414,竹花ノート,ノート竹花,バ美肉,"40,200","491,514"
415,ロロ,,,"40,100","319,675"
416,海夜叉神,海夜叉神/黄泉波咲夜【にじさんじ】,,"40,100",0
417,天輝おこめ,-おこめチャンネル-Okome Channel,,"39,800","2,526,736"
418,幽ヶ崎海愛(ゆうがさきうみ),うみCh.幽ヶ崎海愛,星めぐり学園,"39,800","806,055"
419,東堂コハク,東堂コハク/ Todo Kohaku [にじさんじ],にじさんじ(統合後),"39,700","706,683"
420,バーチャル執事Cecilia,,,"39,100","5,955,249"
421,鈴木あんず 白藤環 夏目ハル 日向奈央 栗原桜子(えのぐ),【VRアイドル】えのぐチャンネル,岩本町芸能社,"39,100","2,882,208"
422,ヌール,Noor【NIJISANJI IN】,NIJISANJI EN,"38,400","771,556"
423,有栖マナ,有栖マナ/Alice mana 【541 E&C】,ぱりぷろ,"38,000","349,431"
424,ゼア・コルネリア,ZEA Cornelia Ch.【NIJISANJI id】,NIJISANJI ID,"37,900","1,016,494"
425,アルム・フェルラーベン,アルム 虜獲得チャンネル,PinkPunkPro,"37,900","359,574"
426,緑仙サブチャンネル,みどりのさぶちゃんねる,にじさんじ(SEEDs出身),"37,800","1,563,400"
427,楪帆波(ゆずりはほなみ),楪 帆波-Yuzuriha Honami-,星めぐり学園,"37,800","1,060,890"
428,めいでん,,OPEN BETA,"37,700","3,476,387"
429,あっくん大魔王,,,"37,600","2,688,553"
430,わにこ沼地辺境伯,,,"37,600","1,520,913"
431,月見しずく,,,"37,600","878,916"
432,花奏かのん(かなでかのん),花奏 かのん -Kanade Kanon Official-,ブイアパ,"37,500","2,457,440"
433,メンラボ!,,,"37,300","5,213,991"
434,ユキミお姉ちゃん,ユキミお姉ちゃんねる,,"36,900","2,795,565"
435,かいとんスタジオ,,,"36,700","9,595,965"
436,紙代なつめ,Natsume Ch / 紙代なつめ【めるぷら】,,"36,400","2,186,065"
437,夕刻ロベル,Roberu Ch. 夕刻ロベル,ホロスターズ,"36,300","1,343,361"
438,エマ・ミナミ,Emma Hazy Minami,,"36,200","3,948,191"
439,プラム,,,"36,100","1,500,520"
440,万楽えね(まぐら えね),バーチャルYouTuber万楽えね,,"35,900","2,182,544"
441,粛正罰丸,,,"35,800","2,852,195"
442,loveちゃん・あいぴー,love-pii channel,,"35,700","851,530"
443,花丸はれる,花丸はれる / Hareru Hanamaru,花寄女子寮,"35,500","1,660,886"
444,にじさんじ公式(サブチャンネル),にじさんじ[公式サブch],にじさんじ(1・2期生),"35,300",0
445,花芽なずな,なずちゃんねる,ぶいすぽっ!,"35,100","1,963,511"
446,夢魔ぺろり,夢魔ぺろりPerori Muma,,"34,500","2,958,974"
447,ぼっちぼろまる,,,"34,400","4,057,647"
448,をとは(海月ねう),0108 official,upd8,"34,400","1,351,702"
449,しのぎチャンネルShinogi Channel,,,"34,300","11,342,717"
450,白宮みみ,Mimi Channel / 白宮みみ 【あにまーれ】,あにまーれ,"34,200","1,603,980"
451,胡桃のあ,,ぶいすぽっ!,"34,000","1,452,000"
452,源元気,Gengen Channel,,"33,800","2,885,862"
453,あるふぁブラザーズ,,upd8,"33,800","902,048"
454,姫熊りぼん,,Re:AcT,"33,600","2,307,043"
455,タカ・ラディマン,Taka Radjiman Ch.,NIJISANJI ID,"33,400","1,184,778"
456,神狐かなチャンネル / Kamiko Kana Channel,,,"33,100","740,977"
457,本間ひまわり(サブチャンネル),本間ひまわり切り抜きチャンネル,にじさんじ(ゲーマーズ出身),"33,000","4,028,782"
458,谷田透佳 立花鈴,Marprilチャンネル,岩本町芸能社,"32,700","2,670,420"
459,雑葉学美 - Zouba Channel,,,"32,500","6,672,489"
460,華香院つばき,,OPEN BETA,"32,300","1,633,663"
461,ラトナ・プティ(サブチャンネル),ラトナ・プティ.RatnaPetit《にじさんじ所属》,にじさんじ(統合後),"32,000",0
462,柚原いづみ(ゆのはらいづみ),Izumi Channel / 柚原いづみ 【あにまーれ】,あにまーれ,"31,900","1,221,515"
463,飛鮫ナミ 海月ナギ,ナギナミちゃんねる,,"31,700","2,392,872"
464,ハニーストラップ公式,HoneyStrap Official / ハニーストラップ公式,ハニーストラップ,"31,700","1,573,712"
465,聖女れりあ,,,"31,600","891,982"
466,はなつぐ / Hanatsugu,,,"31,600","427,605"
467,虎妮(フニー),Hoonie friends,YahooTV,"31,400","2,651,665"
468,春日部つくし,春日部つくし,upd8,"31,400","922,387"
469,八朔ゆず,八朔ゆず【にじさんじ】,,"31,400",0
470,皇牙サキ,とりま、サキんち寄ってく?,,"31,300","1,067,454"
471,Team双葉湖,,,"31,200","3,036,108"
472,琥珀ねね,,,"30,900","1,360,525"
473,桜乃ましろ,,OPEN BETA,"30,600","1,563,571"
474,夕悠夜赤,夕悠夜 赤.二代目・赤.,VEEMusic,"30,100","4,680,126"
475,文化放送V&R,,,"30,100","1,024,836"
476,奇想天外あにびっと!,,あにまーれ,"30,000","6,316,415"
477,天川はの(あまかわはの),天川はの,Re:AcT,"30,000","2,539,504"
478,パカエル / Pakael,,,"30,000","2,302,315"
479,風宮まつり,風宮まつり / Matsuri Channel,Balus,"30,000","1,094,319"
480,雅まつり 雅雪巴 雅さくら 雅紅羽,まじかるどーる / Magical Doll,UUUM,"29,900","3,977,936"
481,マリー・アンドロイド 青山ジンベエ,マリーちゃんのチャンネル,,"29,700","2,027,844"
482,奏手イヅル,Izuru Ch. 奏手イヅル,ホロスターズ,"29,600","588,808"
483,かめっち,かめっちTV【バーチャルおやじユーチューバー】,,"29,300","871,947"
484,鈴木勝(旧),D.E.放送局【鈴木勝/にじさんじ】,にじさんじ(SEEDs出身),"29,200","785,054"
485,久檻夜くぅ,久檻夜くぅ/くぅちゃんねる,Re:AcT,"29,200","713,010"
486,小森めと,Met Channel / 小森めと 【ブイアパ】,ブイアパ,"29,000","1,085,015"
487,みみたろうChannel,,,"28,700","812,500"
488,荒咬オウガ(あらがみおうが),Oga Ch.荒咬オウガ,ホロスターズ,"28,500","437,200"
489,千草はな,千草はな / Chigusa Hana,ぱりぷろ,"28,300","936,465"
490,シエラ・ルーニス(Overidea),Overidea公式/オーバーライディア,,"28,300","934,273"
491,おいよ,,,"28,200","1,784,780"
492,桜月花音,のんちゃんねる【桜月花音】,upd8,"28,200","1,615,117"
493,幼龍埜ゆい,,VGaming,"28,200","1,106,267"
494,Clarra Charlone(海外),Clarra Charlone Official,,"28,200","952,103"
495,カフェ野ゾンビ子,Zombi-Ko Channel,upd8,"28,100","2,427,981"
496,Evelyn -Vtuber-,,,"28,100","645,699"
497,白雪レイド,白雪レイドーReid Channelー,VGaming,"27,800","2,040,760"
498,ミディ,ミディ / 作曲バーチャルyoutuber,元ENTUM,"27,800","1,007,444"
499,イル_フローラ,,,"27,700","2,412,731"
500,シロ(ゲーム),電脳少女シロGames,.LIVE,"27,700","104,576"
501,羽宮のあ,,OPEN BETA,"27,600","2,288,849"
502,シン・ユヤ,신유야 / Yuya Shin 【NIJISANJI KR】,NIJISANJI KR,"27,600","849,291"
503,柾花音(まさきかのん),まかのん channel（仮）,,"27,600","158,470"
504,花雲くゆり,,,"27,400","246,473"
505,VTuber AdPro廣告達人,,,"27,300","5,865,673"
506,可憐,「シスター・プリンセス」20周年チャンネル,,"27,300","1,720,069"
507,弐珠司,ふたたまちゃんねる,,"27,200","1,725,268"
508,石狩あかり,石狩あかり/あおぎり高校,あおぎり高校,"27,200","695,531"
509,宇宙人Psyder,,,"27,200","467,136"
510,TEN,TENイシノマキ,転生組,"27,100","16,199,920"
511,イオウ/Iaughingfox,,,"27,100","1,529,593"
512,水科葵(みずしなあおい),水科葵の日常RPG,GEMS COMPANY,"26,900","1,856,880"
513,根羽清ココロ,Cocoro Ch by ロート製薬,,"26,900","1,578,991"
514,KoyaBottons,,,"26,800","1,248,220"
515,YumemiChannel,,,"26,700","862,496"
516,Note: - Vsinger -,,,"26,700","706,624"
517,麗子ちゃんねる,,,"26,600","487,197"
518,野々宮ののの,野々宮ののの / Nonono Nonomiya,花寄女子寮,"26,500","779,817"
519,御来屋久遠,御来屋 久遠 -mikuriya 9on-,元ENTUM,"26,300","1,109,918"
520,エルセとさめのぽき,,,"26,200","1,686,451"
521,影山シエン,Shien Ch.影山シエン,ホロスターズ,"26,000","605,996"
522,水菜月夏希,なつきちゃんねる*。/あおぎり高校,あおぎり高校,"25,900","222,924"
523,ハシビロさん研究所,,,"25,800","1,899,142"
524,cerita tessa(海外),cerita tessa,,"25,600","550,158"
525,がぶりえる-GabrielChannel-,,,"25,200","2,129,633"
526,バーチャルネットアイドルちゆ12歳,バーチャルネットアイドルちゆ12歳,,"25,000","1,941,876"
527,桜木建二,ドラゴン桜チャンネル,,"24,900","2,522,586"
528,NIJISANJI EN公式,NIJISANJI English Official,NIJISANJI EN,"24,800","614,472"
529,シラクサアーカイブス,,,"24,700","11,925,265"
530,ジェイブ-VTuber-,,,"24,700","529,990"
531,ふらむChannel,,,"24,400","21,338,649"
532,REALITY Studio,,WFLE,"24,400","1,263,786"
533,桜樹みりあ,桜樹みりあ-ゲーム部,Brave group,"24,400","921,139"
534,毒のお兄さん,,,"24,400","851,848"
535,琴月てと,琴月てとチャンネル,,"24,300","2,181,267"
536,悪魔のメムメムちゃんねる,,,"24,300","765,796"
537,おさナズナ,おさナズちゃんねる -OsaNazu Channel-,Akihabara Lab,"24,200","1,149,064"
538,小東ひとな(こひがしひとな),小東ひとな / Hitona Kohigashi,花寄女子寮,"24,100","909,901"
539,アルランディス,Aruran Ch. アルランディス,ホロスターズ,"24,100","321,754"
540,橘涼葉(たちばなすずは),橘 涼葉,,"24,000","2,135,122"
541,鏡見キラ,Kira Ch. 鏡見キラ,ホロスターズ,"24,000","322,848"
542,綺羅星ウタ,綺羅星ウタ/ウタちゃんねる,Re:AcT,"23,900","2,208,091"
543,キズナアイ(China),A.I.Channel China,,"23,600","557,155"
544,ゲヱム道館,,,"23,500","1,926,505"
545,小山内めい 小山内いちか,バーチャル園児-めいちゃんねる,upd8,"23,500","1,393,753"
546,龍ヶ崎リン,Rene Channel / 龍ヶ崎リン 【シュガリリ】,シュガーリリック,"23,500","1,074,689"
547,アミシア・ミシェラ,Amicia Michella【NIJISANJI id】,NIJISANJI ID,"23,200","663,325"
548,榎宮祐,,バ美肉,"23,200","115,980"
549,メノ(Meno),,,"23,100","16,767,306"
550,歌衣イツミ,イツミちゃんねる,,"23,100","521,063"
551,いるはーと,いるはーと,,"22,900","999,219"
552,けもみみおーこく,,,"22,800","548,942"
553,琴みゆり,琴みゆり/わいちゃんねる,Re:AcT,"22,600","1,750,552"
554,十刹那さん十寒色系voice。,,,"22,500","1,374,719"
555,羽柴なつみ,Natsumi Channel / 羽柴なつみ 【あにまーれ】,あにまーれ,"22,400","906,678"
556,佐藤麗華,佐藤麗華【22/7公式】,22/7,"22,200","720,664"
557,結目ユイ,結目ユイ【YuiTube】,AVATAR2.0,"22,200","351,125"
558,コグレピヨコ,コグレピヨコ / PIYOKO CHANNEL,WACTOR,"22,100","432,039"
559,ニーツ（VT-212）,ニーツちゃんねる,元ENTUM,"22,000","1,019,223"
560,獅子王クリス,Chris Channel / 獅子王クリス 【シュガリリ】,シュガーリリック,"22,000","804,851"
561,さはな,さはな【VTuber】,,"21,900","2,252,503"
562,ころね ぽち,ころね ぽち -Pochi korone-,,"21,900","1,620,861"
563,カナタヒカリ,Kanata Hikari / LYTO,,"21,800","3,303,147"
564,神城くれあ(麗),神城くれあ/Kurea Channel【おとりざ】,元おとりざ,"21,800","1,116,518"
565,VRScout,,,"21,700","6,415,801"
566,夜子・バーバンク,夜子・バーバンク / 映画紹介VTuber,Balus,"21,600","714,772"
567,Paryi Channel,,ぱりぷろ,"21,600","80,404"
568,あめのむらくもP Official Channel,,,"21,500","1,977,393"
569,姫咲ゆずるHimesaki Yuzuru,,のりプロ,"21,300",0
570,アンネと鵼の魑魅魍魎チャンネル,,,"21,100","1,717,842"
571,ぴろぱる,,,"21,100","1,039,388"
573,＠ねこかみちゃんねる！,,,"21,000","961,404"
574,HIMARI Channel,,,"21,000","945,619"
575,さょちゃん,Sayo Channel,,"21,000","922,196"
576,ぺぺろん,ぺぺろん /現役セクシー女優の異世界転生,,"21,000","651,046"
577,カッパはんちょー,,,"20,922",0
578,バーチャルクラフター塩胡椒,,,"20,900","2,114,894"
579,緋色すもも,,セガ,"20,900","1,409,799"
580,現よみchannel,,,"20,900","554,503"
581,椿正義チャンネル,,,"20,800","2,980,011"
582,馬越健太郎,馬越健太郎チャンネル,岩本町芸能社,"20,800","1,477,225"
583,梔子スイ,梔子スイ / Sui Kuchinashi,,"20,800","8,026"
584,ニー子ちゃんねる,,,"20,700","492,767"
585,Pinky Fantastic,,,"20,600","4,376,985"
586,乙女おと,乙女おと / Otome Oto,ぱりぷろ,"20,600","444,282"
587,花咲みやび,Miyabi Ch. 花咲みやび,ホロスターズ,"20,600","327,409"
588,臓器悪い系バーチャルYouTuber狼娘ちゃんアットおどろく,,,"20,500","1,598,883"
589,歌衣アズミ,アズミちゃんねる,,"20,500","410,617"
590,ホロライブID公式,hololive Indonesia,ホロライブ,"20,500","287,131"
591,怪奇！YesどんぐりRPG,,,"20,400","7,603,991"
592,ハネたん魔法陣HeartTV,,転生組,"20,400","6,332,186"
593,蒔田陽丸,ひま食堂channel -HIMASHOKUDO channel-,,"20,400","1,607,814"
594,Vtuberシーエ,,,"20,400","1,047,253"
595,森永みう/Morinaga Miu,,ぱりぷろ,"20,400","527,110"
596,熊谷タクマ,Kumagaya Takuma熊谷タクマ,のりプロ,"20,400","33,250"
597,蒼乃ゆうき,,,"20,300","544,034"
598,バーチャルねこ,,upd8,"20,200","2,286,065"
599,夜乃ネオン,Yoruno Neon Project,upd8,"20,200","547,459"
600,虎城アンナ,Anna Channel / 虎城アンナ 【シュガリリ】,シュガーリリック,"20,200","536,249"
601,天羽よつは,,VGaming,"20,100","2,078,276"
602,柾花音(まさきかのん),まかのんれこーず,,"20,100","201,243"
603,ちゃんねるサーヤ,,,"20,000","374,358"
604,ヘル様,Hell Channel-ヘル様-,あいすらぼ,"19,900","795,064"
605,Ryuki M426,,,"19,800","6,635,384"
606,FPSやめれないんだけどwwTV,,,"19,800","1,244,891"
607,Eve,Eve scp,upd8,"19,800","469,864"
608,ホロスターズ公式,,ホロスターズ,"19,800","351,402"
609,KAMITSUBAKI STUDIO,,神椿,"19,800","233,489"
610,青猫*Vtuber＆ゆっくり*,,,"19,700","5,036,086"
611,皇噛ユカリ,Yukari Ch / 皇噛ユカリ【METEO】,しゅがすて,"19,600","4,415,265"
612,つのはねあかぎ 天目童心,天目童心Channel,upd8,"19,600","845,328"
613,花野蜜,花野蜜【ENTUM所属】,元ENTUM,"19,600","716,653"
614,Lyrica Ch.,,,"19,600","325,933"
615,柚木凛,ゆずきチャンネル,,"19,500","679,501"
616,オッドアイ,/ ODDAIオッドアイ,,"19,200","5,388,984"
617,鳴神裁のもしもこの世界が平和だったら,,,"19,200","433,741"
618,VALIS,,,"19,100","3,461,870"
619,廣川龍,,,"19,100","541,357"
620,七瀬タク,七瀬タク-Official Channel-,Akihabara Lab,"19,000","1,206,034"
621,梵雪音(そよぎせつね),せつねこチャンネル,えもえち,"19,000","1,087,342"
622,双理マイ,双理マイ/マイちゃんねる,,"18,900","1,606,326"
623,ミソシタ,poemcore tokyo,,"18,800","2,371,630"
624,Palette Project Channel,,,"18,700","1,525,178"
625,インサイドちゃん,インサイドちゃん,,"18,700","1,252,822"
626,シア,,,"18,600","8,772,950"
627,日ノ森あんず,あんずちゃんねる/Anzu channel,バ美肉,"18,600","1,653,840"
628,ReVdol!(リブドル!),『ReVdol!』公式チャンネル,,"18,500","2,146,664"
629,季咲あんこ,Anko Channel / 季咲あんこ 【ブイアパ】,ブイアパ,"18,400","821,021"
630,Ryuuseee Official,,,"18,400","645,258"
631,花守へるし,Healthy Ch. / 花守へるし【めるぷら】,,"18,400","531,155"
632,花園セレナ,,ぱりぷろ,"18,400","317,864"
633,ピンキーポップヘップバーン(サブチャンネル),ぴんきーぽっぷへっぷばーんの巣,VIC,"18,400","253,821"
634,星めぐり学園,星めぐり学園,星めぐり学園,"18,400","242,965"
635,《Virtual ASMRerS》 ASMR ・ボイスドラマ,,,"18,200","5,343,582"
636,軍師ミノル,,,"18,200","2,227,915"
637,ニジキユイ/Yui-Virtual Singer-,,,"18,100","3,682,888"
638,バーチャルエコノミスト 千莉,,,"18,100","1,143,389"
639,岸堂天真(きしどうてんま),Temma Ch. 岸堂天真,ホロスターズ,"18,100","251,441"
640,としおちゃんねる,,,"18,000","239,514"
641,ゆっくり茶番探偵「田中」,,,"17,900","3,920,252"
642,アステル・レダ,astel ch.アステル,ホロスターズ,"17,700","395,226"
643,るあちゃんねる,,,"17,500","2,804,437"
644,六道冥,地獄ちゃんねる,,"17,500","630,225"
645,滝川みう,滝川みう【22/7公式】,22/7,"17,500","244,512"
646,葉山みどチャンネル/Hayama Mido Ch.,,バ美肉,"17,400","637,910"
647,大代真白,大代真白/あおぎり高校美術部,あおぎり高校,"17,400","260,185"
648,MIZUNO CABBAGE,,,"17,300","1,881,389"
649,姫宮ナオ-ゆっくりナオ,,,"17,200","3,424,773"
650,アネネはVtuber,,,"17,200","827,532"
651,夢咲楓,夢咲楓-ゲーム部,Brave group,"17,200","757,755"
652,マールいわっか,,,"17,200","523,153"
653,アンジェラ・フレイ,,,"17,072",0
654,多々星シエル(ただせしえる),多々星シエル/シエルちゃんねる,,"17,000","1,321,649"
655,九条林檎,九条 林檎【Kujo Ringo Official】,AVATAR2.0,"17,000","593,613"
656,Rook Austin,,,"16,900","4,380,677"
657,フィンダーおじさん,,,"16,900","1,466,039"
658,河野都,河野都【22/7公式】,22/7,"16,900","315,678"
659,ポポナ,イドラチャンネル,セガ,"16,800","1,360,908"
660,パンディ,パンディチャンネル,upd8,"16,700","695,356"
661,アイスルメ,,,"16,600","9,689,012"
662,いも栗Channel,,,"16,600","772,541"
663,永久累ちゃんねる,,,"16,600","104,824"
664,みとまろゲームズ【夫婦でVtuber】,,,"16,400","3,194,068"
665,白咲べる / Bell Channel,,,"16,400","1,064,115"
666,花幽カノン,,,"16,400","757,759"
667,ツキト ハナ - Hana Tsukito -,,WACTOR,"16,400","512,256"
668,SZK.chしずくちゃんねる,,,"16,400","278,470"
669,ミユ・オッタヴィア,Miyu Ottavia 【NIJISANJI id】,NIJISANJI ID,"16,300","380,518"
670,いわながちゃん(岩永太貴),いわながちゃん,,"16,300","87,315"
671,ナナホシすず,ナナホシすず Nanahoshi Suzu / エジエレキ edielec,,"16,200","1,250,774"
672,灰宮けい,Kei Channel -灰宮けい-,あいすらぼ,"16,200","684,686"
673,水瓶ミア,水瓶ミア/ミアちゃんねる,Re:AcT,"16,100","838,447"
674,ミツルギリア,ミツルギリア LIA CHANNEL,WACTOR,"16,100","260,024"
675,天導菜々蜜 Vtuberトシユキch,,,"16,000","5,202,602"
676,GEMS COMPANY公式チャンネル,,GEMS COMPANY,"16,000","1,655,968"
677,夏目シシ,-シシチャンネル-Shishi Channel,,"16,000","1,135,296"
678,餅月ひまり,ひまりちゃんねる,,"16,000","31,498"
679,たまチャンネル,,,"15,900","5,711,611"
680,チャンチョのゲーム部屋,,,"15,900","1,230,015"
681,遥そらチャンネル,,,"15,900","335,375"
682,如月こより,如月こより / KisaragiKoyori,,"15,900","259,324"
683,滓残,,,"15,900","83,657"
684,千条アリア/ARIA PROJECT,,,"15,800","1,012,895"
685,戸田ジュン,戸田ジュン【22/7公式】,22/7,"15,800","169,305"
686,ルチカ,ルル＝ルチカ,アマリリス組,"15,700","1,232,231"
687,桜美ゆな,Yuna Channel - 桜美ゆな -,,"15,700","1,090,009"
688,宇佐元杏奈,あんなチャンネル / Anna Channel,,"15,700","967,895"
689,おるそなー【OrusonaGames】,,,"15,600","4,277,767"
690,Wanna Join the Elle Cult?,,,"15,600","254,532"
691,がそりんチャンネル,,,"15,500","9,971,798"
692,一翔剣,一翔剣ちゃんねる,,"15,500","1,858,860"
693,クックパッドたん,クックパッドたん / Cooking Fairy,,"15,500","336,688"
694,舞鶴よかと,福岡バーチャルぶらり旅よかとプロジェクトR,,"15,500","317,587"
695,カヘルチャンネル,,,"15,500","268,779"
696,Siro(Game),Siro Games,.LIVE,"15,500","32,585"
697,カオスロキ -Chaos Loki-,,,"15,300","992,575"
698,Icotsu,ico通夜の黄泉巡りch,upd8,"15,300","724,243"
699,みゅみゅ,,,"15,300","72,836"
700,しぇいどch,,,"15,200","2,629,300"
701,瀬戸あさひ,,,"15,200","1,061,446"
702,真空管ドールズ フェルミ,真空管ドールズChannel,,"15,100","1,751,491"
703,ヤカ,YACA IN DA HOUSE,,"15,100","1,003,941"
704,こはるたいむ。,,,"14,900","3,460,446"
705,麻倉由衣,Asakura Yui Channel,,"14,900","648,506"
706,咲乃もこ【SakinoMoco】,,,"14,900","633,544"
707,ゆっくりガチャンネル,,,"14,800","2,559,440"
708,- Porushi -ぽるし,,,"14,800","1,817,744"
709,テトラ,テトラchannel,,"14,800","473,377"
710,丸山あかね,丸山あかね【22/7公式】,22/7,"14,800","148,879"
711,双葉汐音,双葉汐音/しおちゃんねる,,"14,700","1,141,550"
712,さえきやひろ,やひろのおへや,IRIAM,"14,700","401,427"
713,環右金(たまきうこん),Channelタマキ.,,"14,700","383,439"
714,かたりのアトリエ,,,"14,700","201,181"
715,魔法少女ちあちあちゃんねる,,,"14,600","641,028"
716,アイムソラ,I'm Sora Project,,"14,600","457,220"
717,DD,DD channel,,"14,500","1,083,360"
718,灰原あかね,Akane Channel / 灰原あかね 【あにまーれ】,,"14,500","179,184"
719,夜野とばり,とばりちゃんねる,空想コード+,"14,500","169,699"
720,kadokawagames,,転生組,"14,400","6,402,169"
721,せかんどぺんちゃんねる,,,"14,400","1,997,570"
722,山葵凛音(わさびりんね),山葵凛音,OPEN BETA,"14,400","1,603,312"
723,藤宮ゆかり,ふじゆかch,えもえち,"14,400","558,382"
724,立川絢香,立川絢香【22/7公式】,22/7,"14,400","125,193"
725,小宙るる,,,"14,300","1,151,568"
726,魔宵さきゅ,,VGaming,"14,300","860,582"
727,IpoChan Official,,,"14,300","452,802"
728,丑牡てぃあ,丑牡てぃあ/Tia ch,,"14,300","441,142"
729,TIE FLAME,,転生組,"14,200","2,165,655"
730,兔姫UsagiHime,,,"14,200","323,532"
731,病井こころ,こころのリハビリちゃんねる,IRIAM,"14,200","228,915"
732,牡丹きぃ,牡丹きぃ,,"14,200","198,001"
733,おぎの稔 MinoriOgino 議員系Vtuber【大田区】,,,"14,200","193,257"
734,琴乃葉 雪乃。,,,"14,100","1,467,837"
735,はちゃちャンネル,,,"14,100","681,631"
736,紙木絹,紙木絹チャンネル,,"14,100","264,361"
737,斎藤ニコル,斎藤ニコル【22/7公式】,22/7,"14,100","142,865"
738,にじさんじデータ部,,,"14,000","4,980,403"
739,ゆい・かじ/Yui Kaji,,,"14,000","2,815,213"
740,Vtuberドーセット・アカホシ,,,"14,000","1,240,634"
741,無糖しお,,,"14,000","1,035,153"
742,珠根うた,珠根うたChannel,GEMS COMPANY,"14,000","821,468"
743,Teary Planet / Nanao Official,,,"14,000","542,691"
744,Mia Canasyna,,,"14,000","446,817"
745,琴吹ゆめ,Kotobuki Yume Official,,"14,000","346,483"
746,Takumi Desu,,,"13,900","1,434,565"
747,猫芒ベル(ねこのぎべる),猫芒ベル-Bell Nekonogi,ViViD,"13,900","533,339"
748,Ryu phydrosamir,,,"13,800","9,333,687"
749,米プリンセス,米プリンセスチャンネル,,"13,800","1,011,120"
750,黒咲 ひな / Kurosaki Hina,,,"13,800","878,777"
751,ピースアパート,,VEEMusic,"13,800","668,498"
752,もつく,,,"13,700","6,678,469"
753,璐洛洛 Ruroro【人造人Vtuber】,,,"13,700","774,144"
754,結城オト,,,"13,600","895,532"
755,理原ひなり,理原ひなり,アマリリス組,"13,600","877,255"
756,うそうま/千色いちる,,,"13,500","2,028,564"
757,来栖らいあ,,,"13,500","567,136"
758,ReidenKasuka,,,"13,500","445,231"
759,屍鬼 Channel,,,"13,500","162,984"
760,ドットチャンネル./DotChannel.,,,"13,500","58,739"
761,にじさんじID公式,NIJISANJI ID Official,NIJISANJI ID,"13,300","310,625"
762,ウルケン・ノース世紀末系VTuber,,,"13,300","141,064"
763,サクラメイ Channel,,,"13,200","337,563"
764,鷹森ツヅル,,,"13,200","233,989"
765,ハイカラサウンド,,,"13,100","1,650,719"
766,サンドバッグ実験施設,,,"13,100","939,964"
767,リア,RIA Channel,,"13,100","568,974"
768,夢川かなう,夢川かなう/Kanau ch,Re:AcT,"13,000","581,123"
769,モロトフカクテル ゲーミング,,,"12,900","4,320,200"
770,AKARI UEHARA,,,"12,900","1,141,899"
771,朝陽にいな,にいなちゃんねる / NinaChannel,,"12,900","1,137,246"
772,레비 EIVE,,,"12,900","929,961"
773,victream official,,,"12,900","544,972"
774,塩天使リエル,塩天使ちゃんねる,upd8,"12,900","276,430"
775,コゲ犬放送局,,,"12,800","830,198"
776,四四四 /Siyo Azuma,,,"12,800","516,961"
777,ライラ・アルストロエメリア,Layla Alstroemeria [NIJISANJI ID],NIJISANJI ID,"12,800","291,732"
778,キツネDJ [9/1 -日- BDイベント・チケ発売中!! ],,,"12,700","1,301,433"
779,うさます-藤ます-,,バ美肉,"12,700","319,675"
780,Ni-na(ニーナ),Ni-na Channel,,"12,600","535,401"
781,白音ゆき,- Yuki Shirane -白音ゆきちゃんねる,Re:AcT,"12,600","199,892"
782,ねむ,ねむちゃんねる【バーチャル美少女YouTuber】,バ美肉,"12,500","779,559"
783,ウワン,ウワン : UWAN CHANNEL!,,"12,500","604,848"
784,彩 まよい【ミリタリーVTuber】,,,"12,500","535,663"
785,バーチャルYouTuber蟹,,,"12,400","461,933"
786,ハート様,ハート様のはーとふるステーション,,"12,400","254,132"
787,柚子花,柚子花-yuzuha-,,"12,400","213,895"
788,メイカの漢気TV,,,"12,400","52,531"
789,たくあん,,,"12,300","6,799,488"
790,ゆあちゃんねる / Yua channel,,バ美肉,"12,300","841,484"
791,羽子田チカ,Haneta Chika Channel羽子田チカチャンネル,,"12,300","576,857"
792,天使リリエル(あまつかりりえる),天使リリエル-Amatsuka Lilyel-,,"12,300","569,166"
793,きのこむしの清楚なチャンネル,,,"12,300","368,490"
794,水瀬しあ,水瀬しあ【しあちゃんねる】,AVATAR2.0,"12,300","291,194"
795,エトラ,エトラ / étraチャンネル,エイレーン一家,"12,300","132,313"
796,かくげー! / Fighting Games,,,"12,200","4,834,429"
797,るこ*ちゃんねる,,,"12,200","2,393,197"
798,はちこ【VTuber】,,,"12,200","429,711"
799,Aicia Solid Project,,,"12,200","379,402"
800,不磨わっと,Wat Channel / 不磨わっと 【ブイアパ】,ブイアパ,"12,200","375,271"
801,リクサ・ディレンドラ,Riksa Dhirendra【NIJISANJI ID】,NIJISANJI ID,"12,200","339,604"
802,F.Tさやか,,,"12,100","1,546,196"
803,あくまのゴート,,,"12,100","675,850"
804,ひなたChannel - Looop公式バーチャルYouTuber -,,,"12,100","553,089"
805,しろろ,,,"12,100","325,113"
806,よなぐにさん,,,"12,000","3,639,028"
807,セージのゲームチャンネル,,,"12,000","2,897,159"
808,44SUPER,,,"12,000","902,118"
809,りむとまき channel,,バ美肉,"12,000","487,006"
810,由持もに(よしもち もに),由持もに,アマリリス組,"12,000","320,665"
811,KIRARA CHANNEL,,,"11,900","366,467"
812,眠居りぃこ,-Nemui channel-眠居 りぃこ,フェレット女学院,"11,800","841,332"
813,小雀とと,,ぶいすぽっ!,"11,800","590,439"
814,黒乃くれは Kureha Kurono / Vtuber from JPN,,,"11,800","276,868"
815,メエシカちゃんねる,,,"11,700","700,688"
816,あやとボイス,,,"11,700","82,192"
817,レッサーくん/バーチャルYouTuber,,,"11,700","69,869"
818,カルミア,FF14カルミアチャンネル,,"11,600","1,773,152"
819,ナイセンチャンネル naisen channel,,,"11,600","1,289,049"
820,LittleRinnyChan,,,"11,500","1,450,847"
821,肋谷清志郎,5000兆円欲しいチャンネル!,,"11,500","898,560"
822,アズラ・セシリア,Azura Cecillia 【NIJISANJI ID】,NIJISANJI ID,"11,500","219,887"
823,ハルTVオンデマンド,,,"11,400","5,669,964"
824,ホタ チャンネル,,,"11,400","1,277,277"
825,虹乃まほろ,まほろチャンネル,,"11,400","303,603"
826,K’WA(海外),KITSUNEKON,upd8,"11,300","594,562"
827,比良坂芽衣,,,"11,300","264,913"
828,柊椋[ひいらぎちゃんねる],,バ美肉,"11,300","6,910"
829,おうまゆう,おうまゆうOumaYuu,もちぷろ,"11,200","571,667"
830,ナラ・ハラマウン,Nara Haramaung 【NIJISANJI ID】,NIJISANJI ID,"11,200","236,510"
831,夏玥白夜,,,"11,200","149,876"
832,옆집언니,,,"11,100","3,361,755"
833,雪待つばき,雪待つばきのはーちゃんねる,バ美肉,"11,000","1,217,007"
834,バーチャル戦国武将おだのぶ,,,"11,000","556,692"
835,Freedom Modeler Channel,,,"10,900","1,802,088"
836,レンチ【作曲系Vtuber】,,,"10,900","812,933"
837,ココロイチル,ココロイチル - Kokoro Ichiru -,WACTOR,"10,900","243,226"
838,舞鶴よかと,福岡グルメ三昧よかとちゃんねる,,"10,900","204,361"
839,クゥ・フラン・ゾーパー,クゥの部屋 Ch,,"10,800","1,420,578"
840,柴山あずき,,OPEN BETA,"10,800","406,299"
841,星天ちゃんねる,,,"10,800","293,687"
842,七瀬すばる,,,"10,800","211,616"
843,花鈴すずめ,花鈴すずめ#ちゅん_Channel.,,"10,700","774,766"
844,巳ノ瀬かなで*かなCh,,,"10,700","659,443"
845,固体量子-こたいりょうこ-,,,"10,700","572,206"
846,佐久間 ねむ*Nemu ch.*,,,"10,700","274,618"
847,千代家ぷりり,,,"10,700","104,964"
848,VRoadCaster,VRoadCaster,,"10,600","385,351"
849,ツキミヤレイナ/Tsukimiya Reina,,,"10,600","169,218"
850,たったそちゃんねる / tattaso Channel,,,"10,500","1,953,316"
851,まるわかりチャンネル,,,"10,500","1,614,113"
852,魔希みちるチャンネル,,,"10,500","1,151,806"
853,りりぅむ,,,"10,500","1,118,788"
854,模型娘もち子&餅もちお Hobby系Vtuber,,,"10,500","747,338"
855,〜旅するバーチャルyoutuber〜動く城のフィオ,,バ美肉,"10,500","723,323"
856,アンチン星人,宇宙怪獣アンチンの侵略基地,,"10,500","431,218"
857,美波七海 Minami Nami,,,"10,500","257,800"
858,NANARIKA Channel,,,"10,500","148,757"
859,ライ・ガリレイ,Rai Galilei【NIJISANJI id】,NIJISANJI ID,"10,500","145,876"
860,秘密結社シュヴァルツシルト,,,"10,400","157,924"
861,勇凪エレナ / Elena Yunagi,,ViViD,"10,300","342,307"
862,ARP,official ARP,,"10,200","2,444,270"
863,ルォ・テンイ,洛天依 - Luo Tianyi,,"10,200","2,220,773"
864,星園かのん,,,"10,200","607,452"
865,レントン/RENTON,,,"10,200","541,899"
866,月夜ソラ 夜桜カノン,月夜ソラ【ENTUM所属】,元ENTUM,"10,200","496,909"
867,尸解ユヱ,sikai Yue Ch. 尸解 ユヱ,,"10,200","495,386"
868,デラ ハドウ,デラとハドウ Channel,upd8,"10,200","464,288"
869,草薙カレン,,,"10,200","455,450"
870,星宮とと,,,"10,200","404,718"
871,テレみTeremi,,バ美肉,"10,100","4,692,625"
872,パゲ美,Channelパゲ美のバーチャルオカマ,,"10,100","490,998"
873,うわばみちゃんねる,,,"10,000","2,568,286"
874,くるる幼稚園,,,"10,000","1,004,242"
875,向日葵なっつ,,,"10,000","837,062"
876,紫音VGチャンネル,,,"10,000","523,805"
877,鞍馬つむぎ,鞍馬つむぎ/Tsumugi ch,,"10,000","357,230"
878,泡沫メモリ / Utakata Memory,,ViViD,"10,000","257,473"
879,雎雪待(みさごゆきまち),雎雪待,ユメノグラフィア,"10,000","150,824"
880,オニャンコポン,,あふたーしーくれっと,"9,970","567,127"
881,才媛テス子の実験室,,,"9,920","674,747"
882,ホラーアカデミアン,,,"9,920","213,697"
883,道明寺晴翔,道明寺晴翔-ゲーム部,Brave group,"9,920","96,413"
884,2軒目から始まるラジオ,,,"9,910","305,630"
885,観田ムヴィ(Re:moview),,,"9,880","3,371,687"
886,伊東悠人,ゆうとの部屋 Yuto's Room,,"9,870",0
887,Japan News【ツバキ】,,,"9,850","2,095,140"
888,おじきちゃんねる_独眼P,,,"9,850","802,365"
889,Siska Leontyne 【NIJISANJI ID】,,NIJISANJI ID,"9,820","159,322"
890,尊み秀吉,,,"9,810","7,138,359"
891,SatouHolmes Ch.佐藤ホームズ,,,"9,750","292,250"
892,チャクちゃんಇChaku ASMR,,,"9,740","1,280,192"
893,栗山やんみ,,VGaming,"9,730","620,318"
894,モスコミュール(モスおじ),Moscowmule Station,upd8,"9,720","260,112"
895,黒音よみ,黒音よみTV,Re:AcT,"9,690","206,720"
896,LALALAちゃんねるせかんどっ!,,,"9,670","1,304,123"
897,綺羅魔ヤミ,,,"9,670","925,209"
898,りとちゃんねる,,,"9,650","439,315"
899,ちるま / Chilma音楽チャンネル,,,"9,630","1,066,052"
900,デリン(海外),데링TV,,"9,600","618,439"
901,高峰伊織トマト組Vチャンネル,,,"9,580","236,899"
902,一恵 1年E組,,,"9,570","1,266,774"
903,スパイト,スパイト-spite-【公式】,,"9,570","16,886"
904,Bonnivier Pranaja 【NIJISANJI ID】,,NIJISANJI ID,"9,560","147,208"
905,獅堂リオ,【Atelier Fräulein】獅堂リオ,,"9,550","568,331"
906,あやぱん,,,"9,550","418,179"
907,結心愛(むすびここあ),結心愛_Vtuber,OPEN BETA,"9,530","555,958"
908,パコ,パコチャンネル -Paco Channel-,,"9,490","656,486"
909,麻宮アテナ,麻宮アテナ KOFAS Official,,"9,490","352,705"
910,富士葵(歌),あおい'sきっず -あおいずきっず-,,"9,470","246,585"
911,大正義なおきちゃんねる,,,"9,440","2,062,866"
912,神野たね,神野たね / Kamino Tane,もちぷろ,"9,410","310,744"
913,ユメノツキミ,ツキミユメノ,,"9,410","295,161"
914,茜ヶ崎れお,茜ヶ崎れお / Akanegasaki Reo,Cottage,"9,400","180,679"
915,由宇霧 プレイランド,,,"9,380","72,764"
916,みるくぷりん,みるくぷりん,アマリリス組,"9,366","182,747"
917,鈴音(りんね),すずねじゃないよりんねだよ。,,"9,360","840,615"
918,愛犬茶々丸【MarbleCreators】,,Marble Creators,"9,360","330,544"
919,Kvante Karina,,,"9,320","572,390"
920,Vtuber城星譲友&VIC,,,"9,310","472,665"
921,きらチャンネル[旧],,,"9,290","2,422,407"
922,しもの。,,,"9,290","1,855,041"
923,風見涼,風見涼-ゲーム部,Brave group,"9,250","70,245"
924,大蔦エル,ツタエルちゃんねる / tsuta-l channel,よんしー,"9,230","517,844"
925,マシマヒメコ,となりの研究生マシマヒメコ。,サンリオ,"9,220","365,545"
926,ルミナスタジオ (Luminous=studio),,,"9,210","3,742,030"
927,かもしんチャンネル,,,"9,210","263,768"
928,兒玉菜生(こだまなお),兒玉 菜生 -Nao Channel-,,"9,200","1,324,784"
929,たかじんちゃん,たかじんちゃんねる【バーチャルyoutuber】,,"9,170","137,949"
930,八月二雪,八月二雪チャンネル,,"9,160","535,907"
931,Seira Hoshiame,,,"9,130","2,334,745"
932,陽向ここみ*Cocomi Channel,,,"9,100","208,391"
933,紡音れい,Rei Channel / 紡音れい,ZERO Project,"9,070","232,982"
934,宇宙物理たんbotのアストロフィジカルトーク,,,"9,060","203,978"
935,かばんちゃんねる,,,"9,020","855,570"
936,イフリートゼノ,,,"9,010","930,258"
937,ネア,ネアちゃんねる,,"9,010","442,568"
938,あにま【2.5次元の住人】,,,"8,930","2,560,554"
939,かみだよ.,,IRIAM,"8,880","58,512"
940,Comdost,,,"8,860","169,048"
941,ミニエルちゃんねる,,,"8,850","335,801"
942,ゆにゆにこ,ゆにゆにこ/uniunico,,"8,820","385,514"
943,夢咲刻夜,夢咲刻夜Vtuber時夜,,"8,730","1,875,220"
944,花琴いぐさ【妖怪ちゃんねる】,,,"8,730","144,592"
945,由縁ミナ 由縁アヤ,AyaMina Games,,"8,710","519,836"
946,Eggたまご【22/7公式】,,22/7,"8,700","97,445"
947,赤鬼仮面,,,"8,690","1,953,229"
948,[IA & ONE OFFICIAL] Virtual Broadcast,,,"8,680","192,762"
949,Liliana Vampaia Channel 吸血鬼 リリアナ,,,"8,680","142,399"
950,此ノ木よしる - このぎよしる,,,"8,670","177,801"
951,凪尾games,,転生組,"8,640","2,359,603"
952,ゆりのんサブカルチャンネル,,,"8,630","1,107,674"
953,魔界の一般人シャレトン,,,"8,620","412,157"
954,津軽ねぷこch,,,"8,570","172,905"
955,せいかみち,Michi Channel-せいかみち-,あいすらぼ,"8,530","200,323"
956,多々星 カイリ,,,"8,490","351,792"
957,石村ヒガシIshimuraHigashi,,,"8,460","2,721,226"
958,ジョン///,,,"8,400","5,900,217"
959,로링쨩냥냥,,,"8,400","661,840"
960,奏MiMi,MiMi_KANADE,,"8,400","378,081"
961,きなこ 柊彩香,きなこ成長日記,Brave group,"8,380","137,580"
962,iPadでドラム叩くお兄さん,,,"8,360","792,787"
963,zanzou,,,"8,360","469,847"
964,御門モモ,,,"8,350","59,171"
965,江戸レナEdo Lena,,,"8,340","469,614"
966,모아 EIVE,,,"8,310","436,738"
967,清露イクナ,Kiyotsuyu Ikuna Room,,"8,310","237,453"
968,char ch. 星乃シャロ,,,"8,310","167,455"
969,レオタードブタ,,,"8,280","196,551"
970,星野ありす,星野ありす [VTuber],,"8,280","186,890"
971,たかさき咲/takasaki_sister,,バ美肉,"8,240","101,663"
972,水無瀬るい,minase rui,,"8,230","317,475"
973,夜霧メイ,夜霧メイ/メイちゃんねる,,"8,200","346,679"
974,葉邑ゆう,ゆーはむチャンネル,,"8,170","403,786"
975,魔王ヘルネス,,,"8,170","35,884"
976,雛瀬さくら,雛瀬さくら,アマリリス組,"8,160","187,259"
977,ミン・スゥーハ,민수하 / Suha Min 【NIJISANJI KR】,NIJISANJI KR,"8,160","168,615"
978,めんだこちゃんMendakoChannel,,,"8,130","316,048"
979,四ツ辻まよい,四ツ辻まよい,アマリリス組,"8,120","351,852"
980,霧島みずき,霧島みずき チャンネル,,"8,120","64,140"
981,乙藤寧々,ねねちゃんねる,えもえち,"8,090","411,871"
982,宇佐美ユノ,宇佐美ユノみんチャンネル,Re:AcT,"8,060","205,972"
983,upd8チャンネル,,upd8,"8,040","283,211"
984,ウィル・ウィスタリア,,,"8,040","216,053"
985,るいとも,,,"8,030","2,398,902"
986,grawori ch.,,,"8,010","1,523,725"
987,ネコケン,メイン垢は移動した!,,"7,990","12,077"
988,とぅーら,とぅーらちゃんねる,,"7,970","167,598"
989,SDGsマン,,,"7,960","1,192,634"
990,まつしまはつねのゲームチャンネル,,,"7,960","245,526"
991,あけさとチャンネル - Akesato Channel,,,"7,910","360,087"
992,Fortnite海外プレイClips,,,"7,900","4,009,268"
993,【SO CUTE】PLUSH FUNNY SHORT MOVIE,,,"7,890","12,532,319"
994,幡多乃ちゃろ,,VGaming,"7,890","504,582"
995,シアシスターズ(シア・ビビ シア・ラミ),シアシスターズ *Shia Sisters,,"7,880","594,845"
996,桃箱ちゃんねる,,,"7,874","1,000,651"
997,Helio4,,,"7,870","6,935,429"
998,天秤はかり,天秤はかり/Hakari ch,,"7,870","230,167"
999,リオネル・エレオノール・ド・シィアニア,,Akihabara Lab,"7,870","159,793"
1000,初音ちゃんチャンネル,,,"7,860","748,095"
1001,唯牙コハク,Kohaku Ch / 唯牙コハク【METEO】,しゅがすて,"7,810","448,028"
1002,もずベエ はゃにぇ,もずとはゃにぇ,,"7,790","3,421,620"
1003,綾胸エリ,,,"7,780","261,494"
1004,アディア,Aadya【NIJISANJI IN】,NIJISANJI EN,"7,780","133,317"
1005,Loli Squad,,,"7,770","275,284"
1006,MASO CHANNEL,,,"7,700","1,995,804"
1007,犬養プリン ch. / Inukai Purin ch.,,,"7,680","95,232"
1008,最上レン,,,"7,670","755,494"
1009,二和餅あんこ,,ViViD,"7,670","189,443"
1010,更科有造,,,"7,666","1,537,129"
1011,ゆきはね公式チャンネル,,,"7,650","880,078"
1012,紅谷リア,,,"7,630","353,475"
1013,苺病くすり,苺病くすり【MarbleCreators】,Marble Creators,"7,590","244,137"
1014,Sapphy Stars,,,"7,540","1,986,840"
1015,白花伝伯爵,白花伝伯爵 日立の家電 公式VTuber,,"7,520","864,070"
1016,イヌージョンCHANNEL,,,"7,520","319,024"
1017,矢野トシノリ,,,"7,510","1,072,967"
1018,紙木はさみ,紙木はさみちゃんねる,,"7,470","272,872"
1019,けっとしーうぇはす-復活Vtuber,,,"7,460","150,592"
1020,じーえふちゃん,,,"7,450",0
1021,紡絆にあ(つむぎにあ),にあちゃんねるっ! [紡絆にあ],IRIAM,"7,410","89,979"
1022,キョウさんライダー,,,"7,400","773,706"
1023,彩音れおん,Vtuber彩音れおんちゃんねる,VEEMusic,"7,380","164,231"
1024,ANICo Channel,,,"7,360","2,677,496"
1025,公野ゆめか,Kimino Yumeka Official,,"7,360","117,496"
1026,響ゆい / Yui Channel,,,"7,350","248,931"
1027,ソ・ナギ,소나기 / Nagi So 【NIJISANJI KR】,NIJISANJI KR,"7,350","185,713"
1028,ナツモモchannel,,,"7,340","308,644"
1029,らんまるちゃん,Ranmaru / らんまるちゃんねる,,"7,300","466,712"
1030,えもえちプロダクション公式,えもえちチャンネル,えもえち,"7,280","430,889"
1031,温泉むすめ公式,,,"7,240","797,892"
1032,Etna_Crimson,Etna Crimson 【NIJISANJI ID】,NIJISANJI ID,"7,240","70,816"
1033,ルピナスLupinus*Channel,,,"7,220","87,633"
1034,Yoshina Project,,,"7,200","222,458"
1035,芦枝レンリ,,,"7,200","200,375"
1036,漆丸チャンネル,,,"7,160","1,028,837"
1037,暁ちあき,暁ちあき,ぱりぷろ,"7,160","58,718"
1038,ひなの羽衣(ひなのうい),ひなの羽衣 / Hinano Ui,Cottage,"7,140","435,821"
1039,GALDE’rLa,,,"7,100","416,880"
1040,噂ノのろいちゃんねる,,,"7,100","300,765"
1041,クロスフレア,X enc'ount channel,,"7,100","280,173"
1042,深冬mifuyu,,,"7,080","2,486,390"
1043,シテイルチャンネル,,,"7,070","255,394"
1044,しんらしんげshinrashinge,,,"7,060","837,613"
1045,なまほしちゃん,,,"7,030","109,489"
1046,ミミック,,,"7,020","178,294"
1047,Asage【登録者1万人チャレンジ】,,,"7,000","4,602,036"
1048,Vtuberロロコ,,,"6,990","500,287"
1049,"LIPLIP (Yujiro, Aizo/CV: Uchiyama Kouki, Shimazaki Nobunaga) - Topic",,,"6,990","320,264"
1050,嫁ノ萌実,嫁ノ萌実 -新人ライバー- チャンネル,エイレーン一家,"6,980",0
1051,マジョノカ渚,,,"6,970","304,316"
1052,ゆっくりクール,,,"6,960","1,192,821"
1053,鳴門こがね,,,"6,940",0
1054,アモン・フロックハート,Café and Bar Dante's Peak - ダンテズピーク,WFLE,"6,920","352,465"
1055,せんのいのりchannel,,,"6,920","198,837"
1056,shanoa *ASMR,,,"6,900","193,604"
1057,Hanagasa Ilya花笠イリヤ チェリ高帰宅部 /,,,"6,890","886,372"
1058,股間戦士エムズーン,チャンネルデリケアエムズ,,"6,860","16,367,451"
1059,RAY WAKANA,,,"6,830","573,331"
1060,ゆめ心中(ゆめここな),かまってちゃんねる,IRIAM,"6,830","209,524"
1061,ぐるみぃTERA-MMD ElinsDanceMovie,,,"6,830","209,077"
1062,ユプシロン,ユプシロン【ゆぷちゃんねる】,,"6,810","317,218"
1063,MOMENTチャンネル,,,"6,810","315,816"
1064,ねむれるCH/Vtuber,,,"6,800","1,183,935"
1065,ゼン,,,"6,800","326,660"
1066,あんこチャンネル,,,"6,800","76,601"
1067,あまねそよぎ,,ぶいらいぶ,"6,770","178,111"
1068,あおあか学園放送,,,"6,770","168,341"
1069,久遠藍,,IRIAM,"6,770","62,968"
1070,古守ちゆ,/古守ちゆ/komori chiyu,ぱりぷろ,"6,750","115,871"
1071,ばーちゃるあんとちゃんねる,,,"6,750","59,235"
1072,竹取かるた(夢),竹取かるた/Karuta Channel【おとりざ】,元おとりざ,"6,740","244,851"
1073,아키라 레이 / 明楽 レイ / Ray Akira 【NIJISANJI KR】,,,"6,740","118,392"
1074,NN Project,,,"6,730","286,525"
1075,あいえるちゃんねる/株式会社インフィニットループ,,,"6,720","543,786"
1076,最上さくや〈もがみさくや〉ASMR,,,"6,710","737,641"
1077,宝生てあ,,ユメノグラフィア,"6,710","99,892"
1078,小花衣 ももみ / Momomi Kohanai,,,"6,700","325,565"
1079,ユニティちゃん,unity-chan!,,"6,700","130,835"
1080,肯定ちゃんと否定ちゃん。Vtuber channel,,,"6,690","538,383"
1081,門矢士(もやし),天道もやしVtuber,,"6,690","299,502"
1082,Ixy,,,"6,690","118,499"
1083,YORIMIYA,,,"6,680","4,888,968"
1084,長谷みこと(はせみこと),みことみーてぃんぐ!,GEMS COMPANY,"6,670","339,754"
1085,実況部屋キラキラゲーム,,,"6,660","1,028,128"
1086,本山らのチャンネル,,,"6,650","190,861"
1087,わいみチャンネル,,,"6,640","1,108,968"
1088,MetamoeTube,,,"6,640","414,263"
1089,月乃絵鈴,,,"6,640","191,149"
1090,小早川奈奈,小早川奈奈/奈々【VEgo魔法実習Vtuber】,VEgo,"6,640",0
1091,雨町わたげ,雨町わたげ Amemachi Watage,もちぷろ,"6,620","215,362"
1092,もんぬサマー,,,"6,600","7,388,266"
1093,花咲アヤメ,花咲アヤメ,空想コード+,"6,590","68,391"
1094,ダンディジョージのハンサムチャンネル,,,"6,570","684,223"
1095,雲母ミミl KiraraMimi,,,"6,540","212,632"
1096,紗樹万咲,紗樹万咲 / Saki Masaki,空想コード+,"6,520","122,839"
1097,音無りずむ,LIZM,,"6,520",0
1098,ゆるツー企画,,,"6,510","815,018"
1099,ナナシアちゃんねる,,,"6,500","545,156"
1100,マシーナリーとも子,machinery_TOMOKO,,"6,490","1,605,777"
1101,HIKKY,HIKKY Officials,,"6,490","312,313"
1102,雪丸玖/玖号室,,,"6,480","78,659"
1103,Nowhere -終末少女-,,,"6,470","135,057"
1104,雷輝アンタレス,エレキチャンネル,IRIAM,"6,460","217,980"
1105,朝宮ゆり,,Akihabara Lab,"6,450","234,568"
1106,蹴球夢,FCGIFUTV,,"6,390","2,453,876"
1107,리에 EIVE,,,"6,390","263,175"
1108,こーじのゲーム部屋,,,"6,390","193,997"
1109,キランユウ,寺悠迅,,"6,370","235,159"
1110,胡間シバリ(こましばり),シバリ胡間,IRIAM,"6,370","178,748"
1111,ありさ,ありさのげーむべや,らいとあっぷ,"6,350","479,069"
1112,オーキードーキ王国,,,"6,350","332,775"
1113,samayuzame,,,"6,320","295,833"
1114,りるちゃん,,IRIAM,"6,310","108,577"
1115,KOYUKI CHANNEL,,,"6,300","1,007,996"
1116,玉響憩ちゃんねる,,,"6,290","172,742"
1117,リンリン スマホ少女,,,"6,270","12,073"
1118,ハクヤ/ Hakuya バーチャルYouTuber,,,"6,250","225,626"
1119,空白ナツメ,空白ナツメ-Natsume Ch-,,"6,240","694,815"
1120,みにまるコミック【マンガ配信】,,,"6,240","572,896"
1121,空澄セナ(あすみせな),空澄セナ -Asumi Sena-,ぶいすぽっ!,"6,230","121,680"
1122,WHITEHOLE,,,"6,210","502,828"
1123,みしろん,,,"6,190","385,780"
1124,星乃歌カズ,星乃歌カズ/Kaz Hoshinouta,VEEMusic,"6,180","504,970"
1125,白桜みこの(はくらみこの),はくらみこのちゃんねる,IRIAM,"6,170","418,937"
1126,今酒ハクノの二次会さぶちゃん,,,"6,170","162,525"
1127,ENA,エナ / ENA 【541 E&C】,ぱりぷろ,"6,160","87,879"
1128,ほりくろ動画投稿チャンネル,,,"6,150","330,364"
1129,陽咲ゆま,ゆまぴよch【陽咲ゆま】,,"6,130","3,742"
1130,sasaki carpaccio佐々木カルパッチョ,,,"6,120","2,582,986"
1131,ファイ博士,ファイ博士φ電脳サイエンティスト,,"6,120","181,527"
1132,星菜日向夏,星菜日向夏のゼロ時間目,GEMS COMPANY,"6,110","249,961"
1133,環左金『CHANNEL SACON』,,,"6,080","227,027"
1134,家守ふみ の 遊び部屋,,,"6,050","1,829,808"
1135,エリカ,,IRIAM,"6,050","164,548"
1136,うつぎさわーるど/宇津木沙和,,,"6,020","157,808"
1137,夜の軽バズりみみたろうChannel,,,"6,010","158,738"
1138,かなみゅーじっく-音琴かなみ-,,,"6,000","109,703"
1139,#방해금지,,,"5,990","1,124,080"
1140,人生つみこ,,,"5,990","355,611"
1141,ちゃらんぽらん隊,,,"5,990","222,039"
1142,まるるんずチャンネル,,,"5,980","282,300"
1143,ときなの巣箱【TOKINA Channel】,,,"5,970","128,187"
1144,アベレージChannel,,,"5,970","88,383"
1145,Re:AcT公式,Re:AcT / リアクト,Re:AcT,"5,960","60,465"
1146,奈日抽ねね,ねねとゆかいな仲間たち,GEMS COMPANY,"5,950","369,825"
1147,葉月みゆ,,,"5,930","128,645"
1148,八乙女のえ / YaotomeNoe,,,"5,920","42,141"
1149,Ichika Channel,,,"5,890","317,432"
1150,没落お嬢様ちゃんねる,,,"5,880","315,588"
1151,黒咲りん(今日は何の日),りんの今日は何の日,,"5,870","378,669"
1152,兎紗みみ,Usamimi Channel,,"5,850","425,965"
1153,Dapperly Yours,,,"5,840","403,378"
1154,Hirai Virtual no Karada,,,"5,840","220,304"
1155,sifar Vtuber,,,"5,840","165,844"
1156,雛見沢くるみ,,元ぴぐまりおん。,"5,830","94,850"
1157,バフコチャンネル,,,"5,820","300,014"
1158,観影みゆ,,ユメノグラフィア,"5,810","110,346"
1159,けんまちゃんねる,,,"5,800","115,077"
1160,遠野莉緒奈,遠野 莉緒奈【Date Links!】,Date+Links!,"5,780","411,922"
1161,猿楽町双葉,FutabaCh. 猿楽町双葉,,"5,780","94,058"
1162,バーチャルモデラー時雨1213,,,"5,770","1,515,727"
1163,レン,,,"5,760","4,903,356"
1164,みるきぃ,MilkyTube/みるきぃ,,"5,750","337,558"
1165,Fairy mint channel / ミント【苺だいふく】,,,"5,730","351,424"
1166,九重このの,Conono Ch -九重このの!-,もちぷろ,"5,730","133,143"
1167,チェリ高帰宅部,,upd8,"5,720","449,734"
1168,second,,,"5,700","2,743,907"
1169,Arcadia L.E. Projectバリトンエルフ,,,"5,700","1,918"
1170,夢野千春,,,"5,690","2,877,895"
1171,朝ノ瑠璃【清楚】,,,"5,680","31,795"
1172,にししゃん,,,"5,670","1,725,009"
1173,ミーゴ クトゥルフ系vtuber,,,"5,670","205,577"
1174,朝霞しお,,元ぴぐまりおん。,"5,650","111,695"
1175,音羽雫,音羽雫の「頑張りすぎない!ちゃんねる」,GEMS COMPANY,"5,640","281,810"
1176,ソフィア コード,そふぃらいちゃんねる,IRIAM,"5,630","5,827"
1177,ア・プチ,,らいとあっぷ,"5,620","242,527"
1178,人間と永遠-ひとととわ-,,,"5,620","103,581"
1179,音崎リタちゃんねる,,,"5,610","114,034"
1180,大田マト,,,"5,590","108,252"
1181,星宮ぐみ,ぐみちゃんねる,,"5,580","171,550"
1182,イ・シウ,이시우 / Siu Lee 【NIJISANJI KR】,NIJISANJI KR,"5,580","90,362"
1183,七海 波音 nanami hanon,,,"5,580","46,765"
1184,【OZ】まーちゃん先輩,,,"5,560","839,735"
1185,Vtuberねき,,,"5,560","466,074"
1186,私立いちご女学院,,,"5,560","142,353"
1187,バーチャルきくらげ,,,"5,560","131,183"
1188,苺葉ふえ/15PAFE channel,,,"5,530","168,796"
1189,よしださきちゃんねる！,,,"5,520","1,026,274"
1190,天音マホ,Amane Maho / 天音マホ,upd8,"5,510","153,629"
1191,きせり1号,,,"5,510","94,922"
1192,Hikari Popova Channel,,,"5,500","167,376"
1193,チャンネル登録者の数だけポリゴン数が増えていくVtuber,,,"5,500","114,838"
1194,夜枕ギリー,,,"5,480","353,117"
1195,バーチャルYouTuberツーコ2106,,,"5,470","563,338"
1196,橘ひなの / Hinano Tachibana,,ぶいすぽっ!,"5,460","116,535"
1197,湊音みなみ,みみみch / 湊音みなみ,しゅがすて,"5,450","354,884"
1198,はなつぐ,,,"5,450",0
1199,"アニメチャンネル by Lide, Inc.",,,"5,440","2,402,702"
1200,白二郎とアライグマ博士,,,"5,430","229,532"
1201,黒桐アリア,黒桐アリアちゃんねる,,"5,420","111,394"
1202,ユ・ルリ,유루리 / Ruri Yu 【NIJISANJI KR】,NIJISANJI KR,"5,420","62,134"
1203,Inssomniax,,,"5,410","3,686,523"
1204,有都あらゆる,,,"5,410","27,092"
1205,ひのちゃんねる/hinochannel,,,"5,390","244,526"
1206,えるきらチャンネル,,,"5,390","177,679"
1207,Aitzu Arashi - Youtuber Virtual,,,"5,370","304,905"
1208,とりしまり,,,"5,360","4,238,466"
1209,メタキャット,,,"5,360","392,583"
1210,世界クルミ JKChannel,,,"5,350","311,616"
1211,真白くま,,,"5,330","83,768"
1212,Re:A projecT,,Re:AcT,"5,310","259,982"
1213,猫々,猫々【MarbleCreators】,Marble Creators,"5,300","268,387"
1214,カナデレミ,,,"5,300","73,437"
1215,燈火ミリ,燈火ミリ/Mili_Channel,空想コード+,"5,293","19,876"
1216,みみこ,,,"5,290","473,518"
1217,れらたん,れらたん,,"5,280","678,516"
1218,銀めくる(しろがねめぐる),めくちゃんねる,,"5,280","143,273"
1219,Nyako Ch / 招福にゃこ,,,"5,250","105,424"
1220,水凪自由,水凪自由,VEEMusic,"5,250","104,456"
1221,Mia,Mia Channel,IRIAM,"5,250","51,291"
1222,陽夏のの,陽夏のの/HinatsuNono,,"5,230","133,187"
1223,Aya Kagura,,,"5,210","383,809"
1224,アエルちゃんねる,,,"5,210","126,357"
1225,七草くりむ / Crim Nanakusa,,,"5,190","181,601"
1226,サムズ・ボボ親指系vtuber,,,"5,190","64,775"
1227,プリュネ,,,"5,180","147,706"
1228,erima,,,"5,180","40,445"
1229,牛さんちゃんねる,,,"5,150","311,898"
1230,447 Records,,,"5,150","86,787"
1231,小田管男,,IRIAM,"5,140","161,674"
1232,スポンジノブ,,,"5,130","128,877"
1233,Mira Pink,,,"5,120","70,801"
1234,響木アオ(サブ),Hibiki Ao 2nd,upd8,"5,120","47,029"
1235,ぽんちゃんねる。,,,"5,110","795,772"
1236,巣黒るい,すくろーるちゃんねる!!! ／ 巣黒るい,,"5,100","165,701"
1237,眠居ふわり,眠居ふわりのふわり塾,WFLE,"5,100","144,261"
1238,クロノロク,,ViViD,"5,100","36,407"
1239,なちゅモカ,なちゅモカ / Nachumocha Channel,,"5,090","1,400,380"
1240,モカ,もかちゃんねる【 Project ShoveL 】,ShoveL,"5,090","503,329"
1241,どうぶつのともだち。,,,"5,090","214,391"
1242,秋里夢女子 《みのりゆめこ》Vの民,,,"5,090","155,191"
1243,ロイヤルタイム,,,"5,060","725,428"
1244,胡桃いく * もふかごちゃんねる *,,,"5,060","226,332"
1245,이로하 / Roha Lee 【NIJISANJI KR】,,,"5,060","101,321"
1246,長兎路こより,【Koyori Channel】こよりチャンネル,,"5,060","68,793"
1247,ましろちゃんねる。-Mashiro Channel-,,,"5,050","162,938"
1248,天曰ひよ,,,"5,040","166,182"
1249,エンジンかずみ,,upd8,"5,030","1,515,153"
1250,ぷりもう《 irohiza 》,,,"5,010","1,354,588"
1251,ぶっちゃんねる,,,"5,010","516,243"
1252,聖グレイル,聖グレイル【ユメノグラフィア】,ユメノグラフィア,"5,000","138,533"
1253,冷水ぬるめ/歌う女子高生の作曲VTuber,,,"5,000","101,455"
1254,迅雷 蒼/あお-プラモとイラスト好き,,,"4,990","5,828,456"
1255,ツクモちゃんねる,,,"4,990","517,427"
1256,兎咲ミミ,兎咲ミミ / Tosaki Mimi,ぶいすぽっ!,"4,990","110,984"
1257,SML - Shade Music Laboratory - Channel,,,"4,970","874,900"
1258,Games屍鬼,,,"4,970","761,833"
1259,雪姫りんご,雪姫りんご/Ringo Channel【おとりざ】,Marble Creators,"4,970","150,241"
1260,BlueArpeggio,,,"4,950","1,618,608"
1261,みるみるぷりん,みるみるぷりんChannel,,"4,930","86,433"
1262,幽霊少年 100菌,,,"4,920","275,000"
1263,210Ri_CH,,,"4,920","85,218"
1264,らむ太郎,,,"4,910","1,095,615"
1265,のえろちさん と さきゅば のえ - VTuber準備中,,,"4,910","90,803"
1266,惑星のパンくん,,,"4,900","670,988"
1267,逢坂まの,,,"4,890","41,189"
1268,channel stickman,,,"4,880","274,912"
1269,クロイリク kuroi_riku_channel,,,"4,880","61,240"
1270,桃知みなみ,MINAMI MOMOCHI,,"4,860","228,184"
1271,桃星愛花,桃星愛花 -まなちゃんねる,UUUM,"4,850","265,734"
1272,PeachVTB Ch.,,,"4,830","58,105"
1273,格闘ゲーム激うま天帝バーチャルユーチューバー犬,,,"4,820","637,715"
1274,末代雨季。,,,"4,820","191,989"
1275,安堂いなり channel,,,"4,820","104,179"
1276,小日向りゅーじ,,VEEMusic,"4,820","103,568"
1277,ニパ子,ゴッドハンドムービー,転生組,"4,820","83,203"
1278,アザミ Channel,,,"4,800","157,947"
1279,白鳥天羽【バーチャル百合お嬢様】,,,"4,790","85,208"
1280,雪之ジョー,,,"4,780","2,288,890"
1281,バーチャルおじいちゃん / G3Games,,,"4,780","423,835"
1282,小花衣しぃ,,,"4,780","81,953"
1283,双成いなりのふたなりちゃんねる,,,"4,780","20,871"
1284,Azatu _VTuber,,,"4,775","4,342"
1285,OLちゃん寝る,,,"4,770","20,015"
1286,BOOGEY VOXX -official-,,,"4,760","272,425"
1287,ぴーす,,,"4,730","1,050,101"
1288,砂糖あむのおさとうぼいす！,,,"4,730","456,161"
1289,Nightmare ch -soirée-,,,"4,730","59,578"
1290,Mizuna Channel,,IRIAM,"4,720","250,517"
1291,ミミカMBD案内所,,バ美肉,"4,720","124,563"
1292,Sakuragi Channel / 桜木一葉,,,"4,700","314,841"
1293,白亜ルベ企画,,,"4,700","104,877"
1294,保崎メンマ,Hosaki Menma Channel,,"4,690","619,520"
1295,魔法少年 -いちゅぴーす,,,"4,690","205,755"
1296,ファンタス衛星通信,,,"4,690","126,591"
1297,縁楽九十九骨董店,,,"4,680","150,333"
1298,あひる,,,"4,670","55,020"
1299,ちゃんねるうるめ,,,"4,650","107,333"
1300,Lime,Lime Channel,WFLE,"4,650","99,845"
1301,羊娘めめ VTuber,,,"4,620","172,085"
1302,猟師あいちゃん,,,"4,620","169,691"
1303,Yunomi Yuno Official,,,"4,610","169,258"
1304,ひだまりラリアット,,,"4,600","252,142"
1305,食べる大谷さん,,,"4,600","116,402"
1306,kei efu,,,"4,590","2,187,809"
1307,バーチャル男の娘藍原八千夜,,,"4,590","147,057"
1308,菜花なな,菜花なな【ウクレレVtuber】,AVATAR2.0,"4,590","138,484"
1309,ナルミハヤセ,なるはやちゃんねる,,"4,580","229,031"
1310,小森ねね,,,"4,580","162,200"
1311,津軽りんこ,,,"4,580","32,964"
1312,黒須もあ,Xmoa_channel,,"4,570","1,907,845"
1313,魔鹿つの / Mazika Tuno,,Cottage,"4,570","134,949"
1314,榊つねこちゃんねる,,,"4,570","91,225"
1315,눈보라 / Bora Nun 【NIJISANJI KR】,,,"4,570","80,145"
1316,おっちーGAMES,,,"4,560","3,876,096"
1317,ニシカ'sわーくす,,,"4,560","243,317"
1318,Dali Channel/ウィッチ・ダリ・スイート,,,"4,560","229,105"
1319,ワタシch,,,"4,550","2,784,398"
1320,MeowieCakes,,,"4,550","1,897,520"
1321,テイリ/Noa Nikaido,,,"4,550","707,707"
1322,狗神由紀,,,"4,540","179,987"
1323,-Akatsuki Gen-暁 ゲン,,,"4,530","1,515,623"
1324,碧色のMIMI -DIVE LIVE JAPAN-,,,"4,520",0
1325,Noel Channel / 社居ノエル,,,"4,510","853,894"
1326,九條霞,Kasumi Channel,,"4,510","172,223"
1327,キキちゃんねる,,,"4,510","108,715"
1328,ウィフィ,위피 / Wiffy 【NIJISANJI KR】,NIJISANJI KR,"4,510","89,997"
1329,チェ・アラ,채아라 / Ara Chae 【NIJISANJI KR】,NIJISANJI KR,"4,500","101,040"
1330,Anon Shito紫桃あのん /,,,"4,490","133,287"
1331,カルロスピノ,,,"4,470","621,146"
1332,こぐまろチャンネル,,,"4,470","136,981"
1333,綴目日傘(つづりめひがさ),綴目日傘,ぱりぷろ,"4,470","18,215"
1334,Roaming Tuna,,,"4,460","1,216,705"
1335,星名こむ,Hoshina Com Channel,,"4,450","371,856"
1336,月子ちゃんねる,,,"4,450","263,723"
1337,Enji Notokunchoro,Enji N. Channel,,"4,450","80,349"
1338,Pixelko.Dot & Field,,,"4,450","54,419"
1339,塔綾絲ʕ•ᴥ•ʔタリンス,,VEgo,"4,450","11,419"
1340,寧々寝あげは,寧々寝あげは【ねねねぇちゃん寝る】,,"4,440","309,632"
1341,城乃柚希(しろのゆずき),城乃 柚希の虜になってってー!,GEMS COMPANY,"4,440","235,771"
1342,あらと安里,,,"4,440","7,079"
1343,おきゅたんbot / VRすきま動画,,,"4,430","381,214"
1344,ねこみみみ / nekomimimi,,,"4,420","1,618,400"
1345,実況司会者ケモノ外交官ゆきんこ,,,"4,410","132,543"
1346,一文字マヤ,マヤたそTV,GEMS COMPANY,"4,400","230,871"
1347,猫田かぶり/kaburiChannel,,,"4,390","305,691"
1348,仁木探偵事務所,,,"4,390","75,279"
1349,/Chisuzu Mei千鈴めい,,ぱりぷろ,"4,390",0
1350,陶音まの / 陶大知之FIL三部曲 : 倉科明日香單推,,,"4,380","1,196,763"
1351,かみゅ,,,"4,370","488,763"
1352,【English vtuber】 Mignar,,,"4,370","220,832"
1353,虚拟次元计划,,,"4,360","234,528"
1354,Junichi Channel,,,"4,360","76,468"
1355,Basil Channel【山森バジル】,,,"4,350","1,430,408"
1356,オボロリュウ,オボロリュウ バーチャルYouTuber,,"4,350","183,107"
1357,NOΔH,,,"4,340","151,577"
1358,ライゼンバイン燐夏,,,"4,340","45,655"
1359,ビハン,Vihaan【NIJISANJI IN】,NIJISANJI EN,"4,340","44,555"
1360,Vtuber界を見守るリス 【旧名 自己顕示欲が強いリス】,,,"4,330","1,669,396"
1361,ヒノ/hino,,,"4,320","595,941"
1362,ひそりちゃんねるっ,,,"4,320","258,493"
1363,望月のあ / MochidukiNoa,,,"4,320","127,986"
1364,Denom Rs,,,"4,310","1,565,615"
1365,Paparacha,,,"4,310","726,560"
1366,紺野和泉,和泉,VEEMusic,"4,310","31,935"
1367,有栖川ドットの冒険,,,"4,310","22,751"
1368,ADHD先生黒井,,,"4,300","117,528"
1369,そらまめちゃんねる,,,"4,280","291,059"
1370,玉城えりな,たまえりチャンネル,PinkPunkPro,"4,280","46,032"
1371,読谷山文乃,,,"4,270","178,712"
1372,緋赤エリオ,緋赤エリオhiseki_erio channel,ぱりぷろ,"4,270","53,938"
1373,薄紅のMOA -DIVE LIVE JAPAN-,,,"4,250","351,835"
1374,赤羽ユキノ,実録!赤羽ユキノの生態,GEMS COMPANY,"4,250","181,384"
1375,キミコチャンネル,,,"4,240","47,641"
1376,さくやちゃんねる - 葵桜玖耶,,,"4,230","94,253"
1377,りあむ。,,,"4,220","702,917"
1378,Aoi Sora Channel,,,"4,220","105,712"
1379,羽原ゆとり,,,"4,220","78,367"
1380,ぺぺりん,,,"4,210","1,042,683"
1381,れらたん,財団CKW,,"4,200","511,510"
1382,スズキセシル,,,"4,180","152,237"
1383,ANON,ANON KINGDOM,,"4,180","101,903"
1384,MaliceDiary,,,"4,170","634,554"
1385,電脳寺レト,レトちゃんねる,,"4,170","306,541"
1386,羽月奏ちゆ-Hatsuka Chiyu-,,,"4,170","112,323"
1387,白咲マト / Shirosaki Mato,,,"4,170","71,914"
1388,NoWorld Official,,,"4,160","69,383"
1389,花菱撫子(はなびしなでしこ),ごきげんよう、わたし花菱撫子です。,,"4,150","198,898"
1390,Mogura A.I. Channel,,,"4,140","370,385"
1391,Seishin,,,"4,140","215,604"
1392,オリス,Orith Log 宇宙貓箱,YahooTV,"4,130","80,906"
1393,タカヒメアオイのFXちゃんねる,,,"4,130","62,222"
1394,女帝セツナ,,,"4,120","67,805"
1395,もぐらちゃんねる,,,"4,110","1,362,125"
1396,鏡見みら/ Kagami Mira Project,,,"4,110","172,767"
1397,博多きくこ VTuber GAMES,,,"4,100","675,034"
1398,モナちゃんねる,,,"4,100","221,420"
1399,腹黒眼鏡/アニメを愛する者,,,"4,090","744,964"
1400,ひいらぎのぞみ,nozomi hiragi,,"4,090","139,675"
1401,産毛だよ,,,"4,080",0
1402,くらすたーちゃん,くらすたーちゃんねる,cluster,"4,070","231,323"
1403,有栖川レイカ,レイカのひみつの部屋,GEMS COMPANY,"4,060","110,445"
1404,cacalianz,,,"4,050","207,322"
1405,memex,,,"4,050","131,672"
1406,赤色れいんこーと,,,"4,040","97,249"
1407,羽苺丸 ひめか -Uimaru Himeka-,,,"4,030","475,245"
1408,バーチャル悪霊,,,"4,030","417,800"
1409,天秤ひなみ,,,"4,020","112,866"
1410,腐男子Vtuber黒崎ヴァイス,,,"4,010","202,028"
1411,Argama Witch,,,"4,000","237,871"
1412,ちゃんねる伏見やお,,,"4,000","148,214"
1413,ユメノウララ,,,"4,000","91,383"
1414,赤坂まさか -VSinger SongWriter-,,,"3,990","164,382"
1415,少年ペット巻望,,,"3,980","512,091"
1416,Δ,,,"3,960","219,341"
1417,そそぎはかえりたい,,,"3,960","121,466"
1418,愛尾みすず(愛尾家のケモ耳3姉妹が可愛過ぎる件について),愛尾みすず,愛尾家,"3,960","103,526"
1419,にゃるら,nyalra,,"3,950","56,307"
1420,Programastar.com/プログラマスター,,,"3,940","200,583"
1421,ReiDOLL-NOAH,,,"3,930","452,238"
1422,人工知能AI ユニ,,,"3,930","165,199"
1423,シュティー,,,"3,920","1,780,381"
1424,限界ポスドクあらいちゃんのゆるふわ分子生物学研究所,,,"3,920","236,403"
1425,フラヴィ,VNフラヴィ,,"3,920","66,775"
1426,[LPer hiryu channel]飛竜☆チャンネル[Japan],,,"3,910","1,097,546"
1427,文月みき mikiちゃんねる,,,"3,910","47,268"
1428,勇者ことね,ことねちゃんねる,IRIAM,"3,910","3,189"
1429,Amida・La・Bip,,,"3,900","1,960,550"
1430,NGW_sub,,,"3,890","569,726"
1431,*Arriate Channel* -アリアーテチャンネル-,,,"3,890","437,698"
1432,ギャラドスチャンネル,,,"3,880","1,513,534"
1433,熊野ぽえみ / POEMI ch.,,ZERO Project,"3,880","45,126"
1434,pie pie lie lie,,,"3,860","189,299"
1435,Robin.Games,,,"3,850","910,710"
1436,葉(よう),葉快ちゃんねる,えもえち,"3,850","136,503"
1437,桃丸ねくと,桃丸ねくとのもも もももッ!!,,"3,850","105,997"
1438,水梨あやりちゃん寝る,,,"3,840","52,660"
1439,天比良地高校オカルト研究会,,,"3,830","497,805"
1440,ハルカ,,,"3,820","3,601,783"
1441,たなとす/thana,,,"3,820","13,378"
1442,丹羽にわこ,丹羽にわこちゃんねる,バ美肉,"3,810","100,128"
1443,バーチャルエロドラゴンの巣,,,"3,807","2,393,914"
1444,人形劇系異世界Youtuber 高い城のアムフォ,,,"3,790","141,684"
1445,相羽絲依 / Aiu Itoi,,,"3,780","67,757"
1446,夜城明音(やしろあかね),Akane Yashiro,,"3,780","12,816"
1447,Sugar Stella[#しゅがすて],,しゅがすて,"3,770","194,325"
1448,スーピコゲームス,,,"3,760","813,157"
1449,えだ,,,"3,760","479,688"
1450,Kitsune Katsumi,,,"3,760","120,385"
1451,女神ちゃんねる[劇] ミナ・ルト,,,"3,760","100,935"
1452,Yuikai Channel,,,"3,760","35,605"
1453,ルンナ,ルンナ/ Lunna,,"3,750","194,964"
1454,人造人間ジンゾウ,,,"3,740","88,901"
1455,小澄らんか,RANKA GAMES,VDC,"3,730","101,194"
1456,蜂乃蜜味のはちみつちゃんねる,,,"3,730","36,191"
1457,シュティー,,,"3,720","2,293,164"
1458,LINE CAFE,,,"3,720","2,232,650"
1459,Kite Channel,,,"3,720","217,012"
1460,牡丹きぃ(ゲーム),牡丹きぃGames,,"3,720","79,581"
1461,四月一日さん家のChannel,,,"3,720","71,873"
1462,瀧上りと,瀧上りとちゃんねる,,"3,710","97,698"
1463,エモリミク - Miku Emori公式チャンネル,,,"3,710","96,216"
1464,兎芽,,,"3,710","66,056"
1465,しろすけVtuber,,,"3,710","60,986"
1466,猫麦とろろ // nekomugi tororo,,,"3,700","58,348"
1467,니어니아NearNia,,,"3,690","620,113"
1468,月野木チロル,,,"3,690","61,308"
1469,魔宮ベルChannel,,,"3,680","74,275"
1470,眞白かのん,/ Mashiro Kanon眞白かのん,,"3,680","35,735"
1471,肉片ちゃん,肉片ちゃん2nd,IRIAM,"3,670","1,670"
1472,つきちゃんねる/Tsuki ch.,,,"3,660","761,526"
1473,七色れあChannel,,,"3,660","215,018"
1474,愛守ノユリチャンネル,,IRIAM,"3,660","63,299"
1475,輝度るみなちゃんねる,,バ美肉,"3,650","158,133"
1476,なもちゃん,なもちゃんねる 七桃りお,バ美肉,"3,650","92,047"
1477,夢見ログ てんま,夢見家_てんま,空想コード+,"3,650","90,298"
1478,HACHI - VSinger -,,,"3,650","79,148"
1479,急電channel,,転生組,"3,640","1,339,350"
1480,葉月ナツ,NATSU Channel,,"3,640","97,655"
1481,イリスミア,ミアチャンネル,WACTOR,"3,640","76,288"
1482,るび様を崇めるチャンネル,,,"3,640","63,723"
1483,新川良,新川良,IRIAM,"3,640","6,158"
1484,かぷりんこっと,,,"3,630","175,434"
1485,胡蝶椛(Kochou Momiji),Kochou Momiji 胡蝶椛,OPEN BETA,"3,630","70,735"
1486,69on(音無むおん 音無くおん),69on Channel【音無むおん くおん】,,"3,620","249,304"
1487,もりこっこ,,,"3,610","47,484"
1488,伊集院ゼロ,伊集院ゼロ,,"3,600","359,169"
1489,ほぼ週刊キーボードニュース,,,"3,600","108,264"
1490,花町すみれ,,IRIAM,"3,600","65,606"
1491,放課後せーふく部ちゃんねる【アイキス2公式】,,,"3,600","63,473"
1492,マスターTV ゲームチャンネル,,,"3,600","2,328"
1493,焔機パイロ【ほむらぎパイロ】,,バ美肉,"3,590","231,331"
1494,天死ちゃん天界チャンネル,,IRIAM,"3,590","120,607"
1495,相馬琴葉の都市伝説,,,"3,580","575,368"
1496,秋田で釣る理由,,,"3,580","511,183"
1497,MC SAN,,,"3,580","88,934"
1498,コハクのおうち,,,"3,580","23,210"
1499,ラー油/らあゆちゃんねる,,,"3,570","1,453,906"
1500,七瀬 百音/ななせ もね,,,"3,570","90,363"
1501,METRO MEW / ECLAIR GROOVE,,,"3,570","67,941"
1502,英リサ,,ぶいすぽっ!,"3,560","44,858"
1503,ねぎろぐ,,,"3,550","561,817"
1504,第二えぬじんチャンネル,,,"3,550","167,553"
1505,白咲ユノハ,,,"3,550","152,012"
1506,蓬莱久遠,引きこもり久遠ちゃん寝る,えもえち,"3,550","117,933"
1507,うかみちゃんねる,,,"3,550","105,021"
1508,アイシィVソリッド,,,"3,540","150,766"
1509,虚無ちゃんねる,,,"3,530","161,801"
1510,二寺蒼五,2Terra channel.,,"3,530","107,893"
1511,少年メイドちゃんねるSyounenmaid Channel,,,"3,520","75,102"
1512,ShowVRChannel,,,"3,510","843,472"
1513,バムちゃんねる,,,"3,510","446,569"
1514,むにひめ*,,,"3,510","298,468"
1515,むらゆき,,,"3,510","96,440"
1516,岩手さちこ,岩手県公認VTuber 岩手さちこ,,"3,510","17,559"
1517,筆染四季(ふでそめしき),筆染四季,ユメノグラフィア,"3,500","67,068"
1518,Akuma Momo Ch.悪魔桃,,,"3,500","31,225"
1519,星河テフ,てふちゃんねる,空想コード+,"3,490","39,964"
1520,魔王ハンパナサス,雪雪崩 清隆yukinadare kiyotaka,,"3,480","132,453"
1521,wtkshe,,,"3,480","120,784"
1522,せやなせや,,,"3,480","69,973"
1523,丸餅つきみ,つきみCh/丸餅つきみ,Re:AcT,"3,480","58,213"
1524,京極エミーリア,京極エミーリア皐月【サークルみらん】,サークルみらん,"3,470","66,699"
1525,一颯れむ,Ibuki Rem Channel-一颯れむ-,,"3,460","821,799"
1526,SHiNO/雨ニマケテモ,,,"3,460","151,383"
1527,クーテトラチャンネル,,,"3,460","128,586"
1528,はちてん。 チャンネル,,,"3,460","105,752"
1529,ASMR 高槻りつ_Takatsuki Ritsu,,,"3,460","57,728"
1530,Sonic Logic Channel,,,"3,456",0
1531,姫川セリナ,姫川セリナ[勇者ズム!],勇者ズム！,"3,450","129,325"
1532,Tigonaguri Kodanetubusi,,,"3,420","184,115"
1533,天野声太郎,,,"3,420","61,907"
1534,千洛Chiro,,,"3,420","51,514"
1535,小鳥木よつば,,,"3,410","260,485"
1536,【こまりちゃんねる】桜こまり,,,"3,410","129,510"
1537,緋本アリス-Alice Hinomoto-,,,"3,410","109,173"
1538,Spica Channel,,,"3,410","58,839"
1539,はるぽぽちゃんねる,,,"3,410","42,619"
1540,脳筋魔法使い系Vtuber魔霧のお部屋,,,"3,400","819,834"
1541,電波ちゃん,電波ちゃんねる【バーチャルYoutuber】,,"3,400","74,642"
1542,まっちゃんねる,,Marble Creators,"3,380","125,851"
1543,remo 2700,,,"3,370","665,312"
1544,式部めぐり,,,"3,370","99,754"
1545,kapra kazami,,,"3,370","68,694"
1546,ちばねずみ,,,"3,360","191,514"
1547,みずか の そこはかとなく書きつくれば,,,"3,360","112,151"
1548,ミシマリProject,,,"3,360","62,263"
1549,桜夢なな,桜夢なな,ZERO Project,"3,350","55,328"
1550,白魔女のパンドラ,白魔女のパンドラ,OPEN BETA,"3,340","63,601"
1551,ミストラルwith きよひーれーしんぐ,,,"3,320","2,270,651"
1552,ずいえき,,,"3,320","1,522,837"
1553,リフ_プレーズ,,,"3,320","106,677"
1554,苺ノ森こひな,,ユメノグラフィア,"3,320","17,722"
1555,VESPERBELL(ヴェスパーベル),VESPERBELL,WFLE,"3,310","124,966"
1556,夢乃名菓の夢の中,,,"3,310","114,223"
1557,ジャスプロ正義野心,,,"3,310","7,862"
1558,シュティー,,,"3,293","611,905"
1559,月乃瀬ぅさぎ,ぅさぎちゃんねる,UUUM,"3,290","2,355,985"
1560,結城リノ- virtual singer -,,,"3,290","234,101"
1561,財部結菜,,,"3,290","195,463"
1562,絹漉もめん・谷屋楽,,バ美肉,"3,290","72,469"
1563,たらばかに子,,,"3,280","191,698"
1564,みーちゃんの政治ちゃんねる,,,"3,280","138,169"
1565,ストュラス・ウォール,,,"3,280","101,789"
1566,猫音すず,,,"3,280","58,960"
1567,バーチャル男の娘ユウ,,,"3,270","121,751"
1568,Yumemi Yumeiro,,,"3,270","96,146"
1569,隻翼フィナ,隻翼フィナStage!Fina's Wing/,,"3,260","196,436"
1570,こまつりなチャンネル,,,"3,240","193,876"
1571,胡蝶ナナ,胡蝶ナナKocho Nana,LUMILIA,"3,240","142,547"
1572,雑葉学美 - Sub Zouba,,,"3,240","108,821"
1573,まゆら。channel,,,"3,240","44,973"
1574,バーチャル日本兵oozora,,,"3,230","1,071,974"
1575,上海ゲーム部,,,"3,230","246,951"
1576,テリア,,,"3,230","119,425"
1577,とら_武装彼女,,武装彼女,"3,230","74,364"
1578,鐘ヶ江季里 三園命,キリ&ミコトちゃんねる,,"3,220","210,175"
1579,朝比奈美夜,朝比奈美夜【Date Links!】,Date+Links!,"3,220","114,793"
1580,くーちゃんねる / Akatsuki Clara,,,"3,220","81,381"
1581,もふもふ,,,"3,210","949,132"
1582,あんとちゃんねる,,,"3,210","66,222"
1583,黒瀬ミサ 黒瀬サバト,黒瀬家,空想コード+,"3,210","47,616"
1584,海音UTB,,,"3,210","7,616"
1585,CielArcオフィシャルチャンネル,,,"3,200","723,148"
1586,横井bit子Channel,,,"3,200","126,260"
1587,山田すずめ,,,"3,200","84,390"
1588,ユメノグラフィア公式,,ユメノグラフィア,"3,200","20,659"
1589,蓮希るい,,,"3,190","257,545"
1590,リオとツグ,,,"3,190","186,990"
1591,巫月しお,,,"3,190","120,982"
1592,とと1010,,,"3,190","105,390"
1593,Yuzuka Channel,,,"3,190","83,261"
1594,春原つくし,つくしちゃんねる,夢見坂学院,"3,180","195,309"
1595,ノリシャイちゃんねる,,,"3,180","45,294"
1596,おーかみおーこく,,,"3,170","84,157"
1597,代官山kanonの活動記録,,,"3,160","192,760"
1598,きりみんちゃん ねる,,,"3,160","186,716"
1599,天ノ川リサ,天ノ川リサ[勇者ズム!],勇者ズム！,"3,160","90,334"
1600,ぴぴぴのぶきみch,,,"3,140","904,701"
1601,【vtuber】えがきぐりこちゃんねる,,,"3,140","48,518"
1602,ブラピの実況部屋,,,"3,140","24,876"
1603,KeiTube,,,"3,130","115,121"
1604,吾味人美,,,"3,130","107,409"
1605,眠河ゆめな,眠河ゆめな,空想コード+,"3,130","30,414"
1606,ちろるかみおか,,,"3,130","28,520"
1607,Marino ASMR,,,"3,120","144,426"
1608,センディーのねこプロ!,,UUUM,"3,110","1,087,438"
1609,Rおじちゃん,,,"3,110","432,024"
1610,漆黒のれゔぃあたんchannel,,,"3,110","55,760"
1611,家庭用ロボアイゼン,,,"3,110","45,213"
1612,式神双子の式神屋チャンネル,,,"3,100","1,716,564"
1613,ロザリンちゃんねるっ!,,,"3,090","137,376"
1614,そらのももか,,,"3,090","89,254"
1615,魔野るしあ,,,"3,090","40,212"
1616,のらきゃっとClassics,,,"3,090","30,381"
1617,駒米トオル/こめお,,,"3,080","487,117"
1618,DJ NOZAX,,,"3,080","365,308"
1619,びっくりちゃん,,,"3,080","159,046"
1620,桐野そるべ,,,"3,070","224,750"
1621,Purple Heart,,,"3,060","147,940"
1622,ちょこまかちゃんねる- Choco Maca Channel -,,,"3,060","65,838"
1623,しろん・フラットパディちゃんねる,,,"3,050","71,404"
1624,オトギリル,,WACTOR,"3,050","52,499"
1625,Maid Mint Ch. ミント・ファントーム,,,"3,050","32,847"
1626,BB&パピヨン ch,,,"3,040","502,567"
1627,言霊少女プロジェクト,言霊少女プロジェクト【公式】,,"3,040","327,089"
1628,三日月ネコ,,,"3,040","115,178"
1629,マシロユユ,,,"3,040","58,504"
1630,USAMI BUNNY,,,"3,030","54,323"
1631,にゅーい【nyu-i】,,,"3,030","27,459"
1632,一二三堂日記,,,"3,021","108,672"
1633,ルイスちゃんねる Ruiz Channel,,,"3,020","68,904"
1634,ゆうたそ,,,"3,010","614,540"
1635,アルカナ,アルカナARCANA Channel,upd8,"3,010","182,516"
1636,天野ヒカリ,天野ヒカリ【VTuber】,OPEN BETA,"3,010","54,132"
1637,白虎えま,,,"3,000","77,657"
1638,ノルちゃんねる,,,"3,000","53,920"
1639,SHARPNELSOUND,,,"2,990","158,104"
1640,姫鶴紗雪,さゆきチャンネル,,"2,990","132,456"
1641,白鳥くるみ / Kurumi Shiratori,,,"2,990","86,719"
1642,バララとカレン,バララとカレン,,"2,990","33,024"
1643,たまごやきになりたかった,,,"2,980","648,425"
1644,黄瀬まこ,Kise Mako Channel,,"2,980","106,890"
1645,桜井ユイ,桜井ユイ/ゆいちゃんねる,,"2,970","108,021"
1646,緋乃あかね,,らいとあっぷ,"2,970","62,875"
1647,白乃クロミ,白乃クロミ channel,AVATAR2.0,"2,970","28,457"
1648,ぴかお,,,"2,960","299,083"
1649,犬望チロル,チロルちゃんねる/犬望チロル,Re:AcT,"2,960","41,470"
1650,yura Ch.遠坂ユラ＠Alt!!,,,"2,960","40,950"
1651,くれみぃー\ kuremyi \鉄道系バーチャルYouTuber,,,"2,950","327,500"
1652,あさひなちゃんねる,,VEEMusic,"2,940","150,126"
1653,ピコのピクセルBOX,,,"2,940","105,545"
1654,フィドロサミル学園,,,"2,930","877,588"
1655,Ne.Mo.42〈凡庸型VTuber〉,,,"2,920","617,614"
1656,RK Music,,WFLE,"2,920","547,858"
1657,ろなちゃんねる,,,"2,920","49,626"
1658,バーチャル劇団まぼろし座Traum,,,"2,920","43,235"
1659,モダンコンバット Versus日本公式チャンネル,,,"2,910","1,126,466"
1660,RistGaming,,,"2,910","834,581"
1661,牛尾ベルちゃんねる,,,"2,910","59,162"
1662,芽森つむぎ / Memori Tsumugi,,Cottage,"2,900","116,053"
1663,ころぼしまう,,ユメノグラフィア,"2,900","25,953"
1664,ぬっきー,,,"2,890","422,582"
1665,Teruaki Tsubokura,,転生組,"2,890","332,819"
1666,畑のVTuber陽菜/Hina Virtual YouTuber on the farm,,,"2,890","88,314"
1667,ちゃんねる🌸ふじの,,,"2,880","60,529"
1668,AVTuber Karin Channel,,,"2,870","98,102"
1669,Yaya Channel 李稍,,IRIAM,"2,870",811
1670,suzuki ryuma,,,"2,860","169,788"
1671,伊達あやの,あやのんチャンネル 【Ayanon Channel】,,"2,860","93,251"
1672,奏音リリィ,,,"2,860","90,954"
1673,粛正罰丸の放課後,,,"2,860","36,440"
1674,Camellia Channel,,,"2,850","429,542"
1675,仄架よみ-43channel,,IRIAM,"2,850","108,735"
1676,早乙女ぽえむ,早乙女ぽえむ/ぽえぽえチャンネル,,"2,850","18,777"
1677,まぁぼ,,,"2,840","2,436,428"
1678,藤納戸めのう,,,"2,840","193,294"
1679,#Range1116,,,"2,830","4,299,643"
1680,鈴鳴れん,,,"2,830","615,038"
1681,メロン型容器に入ったアイス大好きりてちゃんねる,,,"2,830","10,695"
1682,散樂瑞穂組,,,"2,820","2,102,954"
1683,ソルトちゃんねる,,,"2,820","48,236"
1684,ほむしずちゃんねる【おきなわ部】,,,"2,820","11,322"
1685,hananosumire,,,"2,810","214,332"
1686,結城ミチルちゃんねる,,,"2,810","90,311"
1687,ゆったり？まったり？のっびのび放送局☆彡,,,"2,810","56,352"
1688,あにまーれ公式,AniMare Official / あにまーれ公式,あにまーれ,"2,810",0
1689,れみぃちゃんねる,,,"2,800","915,551"
1690,ネムイちゃんねる,,,"2,800","424,298"
1691,姫乃愛琳,姫乃愛琳,IRIAM,"2,800","82,578"
1692,三枝アヤメ,,,"2,800","81,167"
1693,飯田もえぎ!! パワー系ぽっちゃりVTuber,,ズーミング,"2,800","59,758"
1694,星野光ちゃんねる!,,,"2,790","71,435"
1695,イツキオンライン,,,"2,780","246,647"
1696,セリーヌ,ちゃんねるセリーヌ,,"2,780","18,937"
1697,自宅警備隊宅外派遣N.E.E.T,,,"2,770","189,161"
1698,猫小夜くろえ,,,"2,770","136,541"
1699,Funny Animal Videos,,,"2,770","2,810"
1700,こっこさん,,,"2,760","874,103"
1701,けもみん,,,"2,760","411,051"
1702,ジョンソンともゆき,,,"2,760","147,076"
1703,カッパたいちょー,,,"2,760","34,626"
1704,りみむのおもちゃ箱,,,"2,750","236,583"
1705,Deat's virtual escapades,,,"2,750","172,859"
1706,常葉ひより,Hiyori Channel,IRIAM,"2,750","115,530"
1707,あすきんちゃんねる。,,,"2,750","35,493"
1708,ベレッタクロスレイン,BΣretta X' Rain channel,,"2,740","121,257"
1709,苛真千桜【Vtuber】,,,"2,740","23,044"
1710,チンアナゴTV,,,"2,730","1,786,321"
1711,帝国立体研究部,,,"2,730","175,244"
1712,バーチャルバナナ,,,"2,730","52,996"
1713,八木戸マト,,,"2,730","24,267"
1714,オタゴンチャンネル,,,"2,720","1,237,329"
1715,まめぞぅゲーム館,,,"2,720","304,247"
1716,ルカポルカ,,VGeneration,"2,720","69,111"
1717,寧々丸_武装彼女,,武装彼女,"2,720","52,789"
1718,くのいち子V忍者,,,"2,710","160,716"
1719,めるてぃまじっく,,,"2,710","58,746"
1720,茜彩咲(いろさきあかね),彩咲茜,IRIAM,"2,700","45,708"
1721,EIGHT OF TRIANGLE,,,"2,690","822,468"
1722,ことはちゃんねる,,,"2,690","66,095"
1723,むすび二等兵,むすび君 Musubi Kun Channel,,"2,690","45,815"
1724,Dr.マサト 玩具レビュー系vtuber,,,"2,680","452,008"
1725,中部ずい,,,"2,680","152,624"
1726,いくせん,バーチャルアイドル「いくせん」【公式】,,"2,680","141,418"
1727,CoCo Channel,,,"2,680","58,471"
1728,Mone.Channel【水影もね】,,,"2,680","29,871"
1729,【GEPAI Channel】ゲパイちゃんねる,,,"2,680","22,821"
1730,とりくん,,,"2,670","588,751"
1731,MIALチャンネル,,,"2,670","31,252"
1732,京町セイカ,精華町,,"2,670","29,531"
1733,結城なのチャンネル,,,"2,660","1,527,018"
1734,ちゃんねる常磐カナメ,,,"2,660","72,795"
1735,Yamada Konoha/山田コノハ,,,"2,660","63,387"
1736,早瀬やよい,,,"2,660","57,626"
1737,ありしあちゃんねる,,,"2,650","96,195"
1738,香月ネロ_機動演武,,武装彼女,"2,650","78,561"
1739,小柴にぎり,,,"2,650","62,959"
1740,Vian(海外),Vian-tuber,,"2,640","43,615"
1741,黒兎ウル,黒兎ウル kurousagi uru -VIRTUAL-,,"2,640","43,510"
1742,バーチャルチン〇ポッティ,,,"2,630","213,641"
1743,ViANKiE-ヴィアンキィ-,,,"2,630","130,636"
1744,牧之瀬マキノ,,,"2,630","12,533"
1745,Kenのゲーム実況,,,"2,620","903,182"
1746,shirogane moka officialしろモカちゃんねる,,,"2,620","363,835"
1747,今和間田せぃが,今和間田せぃがVTuber,IRIAM,"2,620","143,935"
1748,白花 咲/しらはな通信社,,,"2,620","127,014"
1749,賀茂川ドイル,,,"2,620","94,315"
1750,ココロナキ,,,"2,620","69,382"
1751,白衣少年キキョウ,,,"2,620","23,664"
1752,響夜シビ-KYOUYA SHIB1-,,,"2,610","1,058,396"
1753,來夢めると,來夢めると,ぱりぷろ,"2,610","28,290"
1754,ローゼアトの研究室,,,"2,600","122,488"
1755,小花てくと,,ユメノグラフィア,"2,600","29,233"
1756,吉花こころ,,,"2,600","26,038"
1757,ツッコミ系ゴンくん,,,"2,600","6,394"
1758,YOSHI【バーチャルラッパーYouTuber】,,,"2,590","259,592"
1759,夏日葵奇漾少女,,,"2,590","196,870"
1760,Yurari Channel / 桃乃ゆらり 【あにまーれ】,,,"2,590",0
1761,AZ三日月,,,"2,580","1,691,127"
1762,ピカクロス,,,"2,580","323,554"
1763,空色スカイ,,,"2,580","182,385"
1764,うさ野うさ子,うさ野ちゃんねる,IRIAM,"2,570","34,645"
1765,バーチャルコーヒーユーチューバーモカ,,,"2,570","30,500"
1766,RioRioパラダイスカジノ,,,"2,560","323,678"
1767,くーりのちゃんねる,,,"2,560","116,920"
1768,バーチャルユーチューバー「はがね」のチャンネル,,,"2,550","50,026"
1769,蟒蛇ミキ,おみきチャンネル蟒蛇ミキ,空想コード+,"2,550","32,842"
1770,鶴来つゆ,鶴来つゆ【ぶいらいぶ所属】,ぶいらいぶ,"2,540","149,222"
1771,マイクラ建築 おちびTV OchibiTV,,,"2,540","114,286"
1772,Shio Tatsumi,,,"2,540","29,693"
1773,ねむん,,バ美肉,"2,540","6,012"
1774,ぴんた踊ってみたチャンネル,,,"2,530","453,694"
1775,紅芋さつま 十六穀米子,SatsuMai Channel,,"2,530","193,915"
1776,狐狐音の前*ここね*,,,"2,530","146,323"
1777,ガオン,GAON,NIJISANJI KR,"2,530","32,687"
1778,星乃歌カズ(旧ch),チャンネル移行済み,VEEMusic,"2,530","7,615"
1779,けだまメモch,,,"2,520","251,771"
1780,セナちゃんねる,,,"2,520","175,115"
1781,廻子唯乃,,,"2,520","84,556"
1782,糸巻おり,,元ぴぐまりおん。,"2,520","62,087"
1783,真臣悠香,,,"2,520","54,803"
1784,SLEE公式チャンネル,SLEE OFFICIAL / スリー,,"2,520","42,715"
1785,黒崎紗流,,バ美肉,"2,510","916,733"
1786,のちゃんねる/no-channelとりいP,,,"2,510","317,077"
1787,めんトリチャンネル【MENTORI Channel】,,,"2,510","98,221"
1788,独創少女部隊,,,"2,500","1,254,170"
1789,嘆きのアリア,アリアの嘆きちゃんねる,IRIAM,"2,490","165,346"
1790,野宮のん,,,"2,490","97,840"
1791,ムゲンもっち,,,"2,490","96,107"
1792,秋津ミツバ,Mitsuba Channel-AKIBA official Virtual AI-,,"2,490","42,861"
1793,雪ダルマ系Vtuberで外道なゆっくり白銀雪河,,,"2,490","17,963"
1794,王丸櫻子,,,"2,480","339,328"
1795,デンネート,,,"2,476",0
1796,起業家バーチャルユーチューバー・ゆの公式チャンネル,,,"2,470","633,302"
1797,久方雨,,,"2,470","434,366"
1798,おとりざ〜みらくる☆とりとりっぷ〜,おとりざ〜みらくるとりっぷ〜,元おとりざ,"2,470","43,203"
1799,core mulk,,,"2,460","1,092,563"
1800,雛乃木まや,バーチャル巫女雛乃木まや,,"2,460","160,036"
1801,小鈴(シャオリン),小鈴-xiaoling- 【Date Links!】,Date+Links!,"2,460","105,480"
1802,ぶらっく,,,"2,450","381,376"
1803,るりみゅー【焔魔るりの課外活動】,,,"2,450","144,759"
1804,Syusetu kohaku/秋雪こはく,,,"2,450","52,740"
1805,巳社しらべ,巳社しらべ,,"2,450","23,911"
1806,暇人U新人Vtuber【Vtuber準備中】,,,"2,445","897,300"
1807,自己満組 建設予定地,,,"2,440","3,919,391"
1808,YUGAREY 【知識系VTuber】,,,"2,440","336,912"
1809,Vtuber News報道局,,,"2,440","184,409"
1810,ヱクシーズ project Channel,,,"2,440","62,260"
1811,ぶいすぽ運営,,ぶいすぽっ!,"2,440","18,415"
1812,おぐら,,,"2,430","92,471"
1813,赤星ナナハ,,バ美肉,"2,430","84,332"
1814,サンシャインティア,,,"2,430","64,245"
1815,男鹿なもめ,,,"2,430","35,650"
1816,DRS NISHI,,,"2,420","1,178,153"
1817,奇怪庵主人【妖怪系YouTuber】,,,"2,420","411,902"
1818,Kira Omori,,,"2,420","111,440"
1819,Vsinger musica channel,,,"2,420","77,779"
1820,お嬢様ちゃんねる,,,"2,413","70,944"
1821,GAMEシダ,,,"2,410","591,843"
1822,ちゃんねる如月はる,,,"2,410","183,171"
1823,Dalerpot Extra,,,"2,400","1,375,464"
1824,ジララボ【バーチャルジラフ】,,,"2,400","665,380"
1825,おうかみChannel【Vtuber】Games,,,"2,400","589,623"
1826,あぷのす,,,"2,400","408,917"
1827,音楽少女チャンネル,,,"2,400","80,714"
1828,KatzianXero,,,"2,400","63,600"
1829,禰好亭めてお,,,"2,400","40,723"
1830,ELFI 【OFFICIAL】,,,"2,390","121,742"
1831,虎落ブエ,,,"2,380","70,249"
1832,クイーンハニー,クイーンハニー【VTuber/流星群】,OPEN BETA,"2,380","21,916"
1833,医師カルテカイジ,,,"2,370","420,348"
1834,砂糖.Vtuber.Channel,,,"2,370","355,440"
1835,クマ野クマエル3世,,VGaming,"2,370","181,699"
1836,黄子ちゃん / Kikocyan,,,"2,362","65,980"
1837,그닭장TV - 번치코,,,"2,360","839,572"
1838,浅葱ゆあ,,,"2,360","799,837"
1839,ゆっけチャンネル,,,"2,360","278,624"
1840,霞露凜/Siarurin Ch.【VEgo】,,VEgo,"2,360","66,430"
1841,拝師ねる【ねるるんチャンネル】,,,"2,360","36,864"
1842,紗夏-サーシャ-,,,"2,360","28,538"
1843,ささ,,,"2,350","1,145,568"
1844,邪推系チャンネル,,,"2,340","678,658"
1845,ムラタ,,,"2,340","168,332"
1846,Leia * Virtual Singer *,,,"2,340","77,070"
1847,Kirari Channel,,,"2,340","77,059"
1848,あおりちゃんねる,,,"2,330","443,246"
1849,かおりんご。社畜系Vtuber,,,"2,330","244,355"
1850,仮面チューバー剛,,IRIAM,"2,330","65,708"
1851,甘姫まかろん,,,"2,330","54,542"
1852,バーチャル大物youtuber,,,"2,320","5,262,837"
1853,サイコカス平岡,,,"2,320","1,460,296"
1854,ばんちゃんねる,,,"2,320","339,933"
1855,【公式】HAJITABI ハジタビ,,,"2,320","61,327"
1856,AIris Channel,,,"2,320","47,790"
1857,Japan Lemniscate,,,"2,310","114,738"
1858,夜白藍,,,"2,310","49,538"
1859,ZIZI NAGISA,,,"2,310","33,531"
1860,てとら,,,"2,300","137,560"
1861,綾瀬マリー,綾瀬マリー[勇者ズム!],勇者ズム！,"2,300","62,805"
1862,アマネ・シャーロットamane charlotte,,,"2,300","59,620"
1863,諸星めろこ,,,"2,300","28,047"
1864,癒月うる,,らいとあっぷ,"2,300","12,566"
1865,Nano Games,,,"2,290","116,839"
1866,いけんのか?!真剣MISTちゃんねる,,,"2,290","115,626"
1867,天満ニア,,,"2,290","89,031"
1868,元素学たん,,,"2,290","69,309"
1869,RIA / MUSIC BOX,,,"2,290","33,565"
1870,second tune,,,"2,280","231,565"
1871,たるとみつきの休憩所,,,"2,280","53,836"
1872,アシノ【バーチャルギタリスト】,,,"2,280","52,881"
1873,竜乃ハナビ/Ryuno Hanabi ch.,,,"2,280","51,576"
1874,MikiVtuber,,,"2,280","36,278"
1875,Ozuka Roki Channel尾塚ロキ,,,"2,280","33,803"
1876,ぱすメモ（ぱすてるメモリーズ）公式,,転生組,"2,270","497,376"
1877,カナヲ,,,"2,270","220,314"
1878,猫月みお,,,"2,270","79,499"
1879,紅夜ぺい,,ユメノグラフィア,"2,270","14,793"
1880,桜花神猫 II,,,"2,260","1,586,821"
1881,めっちゃばぶ美,めっちゃばぶ美の政見放送,ジャスト プロ,"2,260","150,017"
1882,ひものげーむず -HimonoGames-,,,"2,260","67,881"
1883,Watching_イノセンス,,,"2,260",0
1884,糜粉棠/みっチャンネル【VEgo所屬家裡蹲】,,VEgo,"2,260",0
1885,まよねーず,,,"2,257","398,210"
1886,ALL(アルル)チャンネル,,,"2,250","534,896"
1887,うどん猫,,,"2,250","152,130"
1888,おり,,,"2,250","63,928"
1889,大河山麻々夜,,,"2,250","42,212"
1890,間倉トキ,,,"2,250","38,498"
1891,沙羽,,,"2,240","59,206"
1892,-Liza Channel-,,,"2,240","49,820"
1893,架空ぶい,,,"2,240","40,571"
1894,小鳥遊名奈,小鳥遊Channel,,"2,240","27,986"
1895,O2PAI Game Channel,,,"2,230","447,850"
1896,ストリーマン ONGOING!,,,"2,230","340,676"
1897,甘楽いざな,,バ美肉,"2,230","241,925"
1898,Hana Channel / 日野ハナ,,,"2,230","95,190"
1899,JJ,JJ channel,,"2,230","67,596"
1900,黄ノ星つくり / Tsukuri Kinohoshi,,ZERO Project,"2,230","45,235"
1901,MitoChannel / 時雨ミト,,,"2,220","207,802"
1902,天見 浩司,,,"2,220","190,473"
1903,仮想娘ぴま,,,"2,220","151,776"
1904,鯖乃いちか,,,"2,220","143,246"
1905,あんさくちゃんねる,,,"2,220","124,190"
1906,金熊鬼奸 / Kaneguma Kiken,,,"2,220","120,374"
1907,ハン・チホ,한치호 /Chiho Han【NIJISANJI KR】,NIJISANJI KR,"2,220","19,806"
1908,惑喰らせつ,,VGeneration,"2,210","58,820"
1909,小鳥遊めとろ,小鳥遊めとろ / Takanashi Metro,,"2,210","40,922"
1910,Enil Channel,,,"2,210","31,797"
1911,ブラッド・エンペラー,,,"2,210","24,153"
1912,兎影めう,,VGaming,"2,210","18,497"
1913,紫雨刹那,,,"2,210","16,617"
1914,julchi,,,"2,200","391,209"
1915,LUMi Official,,,"2,200","125,306"
1916,凪,凪のお社,,"2,200","80,444"
1917,硝子の掃き溜め,,,"2,200","38,216"
1918,クシザキ,,,"2,200","31,648"
1919,碧守キャベツ,,,"2,190","824,862"
1920,いぬじまちゃんねる,,,"2,190","319,840"
1921,Kazumi Ch.,,,"2,190","25,356"
1922,ミッシェル・ロロ・コットン,Michele Rolo Cotton,,"2,180","60,747"
1923,あまちじょんこ,,,"2,180","55,688"
1924,シュティー,,,"2,170","340,477"
1925,amu,,,"2,170","277,762"
1926,《エブリビオン放送軍》レンガ塔男爵,,,"2,170","130,103"
1927,風花りん,,,"2,170","66,527"
1928,玲音-Leon-,,,"2,170","56,150"
1929,채널시하 Channel SeeHa,,,"2,170","52,795"
1930,いっちゃんねる,,,"2,160","105,786"
1931,狼の西村さん,,,"2,160","60,496"
1932,胡蝶由芽 小鳥遊酔,バーチャルFM 【 終末RADIO 】,Akihabara Lab,"2,160","44,891"
1933,るひねちゃんねる,,,"2,160","9,745"
1934,Bird Circus,,,"2,159","17,381"
1935,はりーシ&ぶっちっぱ,,,"2,150","104,487"
1936,ハスタちゃんねるHastur Channel,,,"2,150","67,631"
1937,出雲めぐる,出雲めぐるちゃんねる,Re:AcT,"2,150","21,382"
1938,鳩岡小恋,,ユメノグラフィア,"2,150","12,635"
1939,フェアリィ緑川,,ジャスト プロ,"2,140","181,387"
1940,真島えま,,,"2,140","134,151"
1941,骨魅むくろ,,VGeneration,"2,140","58,225"
1942,ゆき_だるま。,,,"2,130","151,799"
1943,藍兎らび,藍兎らび -Aoto Rabi-,,"2,130","109,584"
1944,LOBOTIX CHANNEL,,,"2,130","91,602"
1945,れべるいち魔王のらのね,,,"2,130","37,830"
1946,KAGAMI,,,"2,130","24,875"
1947,ゆっくり夜桜,,,"2,120","447,550"
1948,ちひろ#話題のあのニュース#,,,"2,120","290,759"
1949,Chrolia Channel【クロリアチャンネル】,,,"2,120","73,476"
1950,陸婉瑩(リク・エンエイ),陸婉瑩 〜リク・エンエイ,WINKS,"2,120","14,753"
1951,カデちゃんねる*,,,"2,110","466,110"
1952,金平あめの自由帳,,,"2,110","88,428"
1953,青猫くう,,,"2,110","31,385"
1954,岩流小次郎,岩流小次郎ch物干し竿系Vtuber,,"2,100","226,850"
1955,くろかわ由理としらかわ由理,,,"2,100","160,018"
1956,バーチャル織神ゆさ,,,"2,100","141,771"
1957,ネギの民筆頭ネギリム,,,"2,100","52,312"
1958,片倉一実,,ユメノグラフィア,"2,100","12,354"
1959,流川ルカ/匠Festival,,,"2,090","71,026"
1960,ひなチャンネル【一年生】,,,"2,090","29,165"
1961,Amyちゃんねる,,,"2,090","27,430"
1962,南テイ,,バ美肉,"2,090","21,969"
1963,Kannaria,,,"2,090","21,082"
1964,桜華かるら,,,"2,080","200,538"
1965,水鞠リヴィ-Mizumari Rivi,,,"2,080","99,588"
1966,ふぅちゃんStudio,,,"2,080","40,780"
1967,育良啓一郎,,,"2,080","36,561"
1968,藍經漁,,,"2,070","1,375,551"
1969,犬丸のぞみ,,,"2,070","247,745"
1970,毘沙門天ゆるいこ,,,"2,070","26,471"
1971,戯嶋サチの探索ch,,,"2,060","77,528"
1972,Vtuber Coroころ調査隊,,,"2,060","75,730"
1973,るーにゃちゃんねる,,,"2,060","29,920"
1974,KATSUKi D,,,"2,060","26,784"
1975,はまの姉妹[hamano-sis],,,"2,050","471,594"
1976,胡蝶ここあ,,,"2,050","175,735"
1977,楠木さらら,,,"2,050","73,107"
1978,Emiko Niwatori Channel,,,"2,050","49,851"
1979,リアラチャンネル,,バ美肉,"2,050","49,140"
1980,Kazune.S《Tkak-Project》,,,"2,050","2,111"
1981,isshow con,,,"2,040","277,294"
1982,神野いんく,いんくちゃんねる,,"2,040","110,524"
1983,夏梅なな(なつめなな),夏梅なな/Nana ch,,"2,040","48,255"
1984,Tau Channel【華 桃兎】,,,"2,040","4,255"
1985,ジンちゃんねる,,,"2,030","543,806"
1986,yui tamaka,,,"2,030","488,280"
1987,四葉うさの,,,"2,030","192,966"
1988,あーるいーじー,,,"2,030","115,112"
1989,ナナメちゃんねる,,,"2,030","106,817"
1990,佐久知恭介/Sakuchi Kyosuke,,,"2,030","87,718"
1991,お茶の間Tボーイズ,,,"2,030","67,505"
1992,未確認チャンネル,,,"2,030","45,184"
1993,クロネコ仮チャンネル,,,"2,030","38,756"
1994,Yuuki Mio Channel/結城澪,,,"2,020","141,925"
1995,クロイベエスバンド,,,"2,020","91,983"
1996,REIA Virtual Channel,,,"2,020","23,746"
1997,巣籠ツル,,,"2,010","41,747"
1998,茸谷きの子,,,"2,010","23,588"
1999,Manji,,,"2,010","15,390"
2000,くろしけちゃんねる,,,"2,010","6,752"
